{"timestamp": "2026-06-11T10:51:44.830675", "level": "INFO", "logger": "backend.main", "message": "\ud83d\ude80 AetherWatch API Starting Up...", "module": "main", "function": "startup_event", "line": 157}
{"timestamp": "2026-06-11T10:51:44.832141", "level": "INFO", "logger": "backend.main", "message": "\u2705 System initialized successfully", "module": "main", "function": "startup_event", "line": 159}
{"timestamp": "2026-06-11T10:51:45.030989", "level": "INFO", "logger": "backend.main", "message": "\ud83d\uded1 AetherWatch API Shutting Down...", "module": "main", "function": "shutdown_event", "line": 164}
{"timestamp": "2026-06-11T10:53:16.448024", "level": "INFO", "logger": "core.database", "message": "\u2705 Database initialized successfully at D:\\baadal detection\\data\\aetherwatch_telemetry.db", "module": "database", "function": "init_db", "line": 43}
{"timestamp": "2026-06-11T10:53:16.448551", "level": "INFO", "logger": "core.database", "message": "\u2705 Database initialized successfully at D:\\baadal detection\\data\\aetherwatch_telemetry.db", "module": "database", "function": "init_db", "line": 43}
{"timestamp": "2026-06-11T10:53:16.448674", "level": "INFO", "logger": "__main__", "message": "\u2705 Database initialized successfully", "module": "app", "function": "<module>", "line": 31}
{"timestamp": "2026-06-11T10:53:16.448901", "level": "INFO", "logger": "__main__", "message": "\u2705 Database initialized successfully", "module": "app", "function": "<module>", "line": 31}
{"timestamp": "2026-06-11T10:53:16.458362", "level": "INFO", "logger": "__main__", "message": "Processing satellite data from D:\\baadal detection\\data\\demo_insat.h5", "module": "app", "function": "<module>", "line": 90}
{"timestamp": "2026-06-11T10:53:16.510464", "level": "INFO", "logger": "__main__", "message": "Processing satellite data from D:\\baadal detection\\data\\demo_insat.h5", "module": "app", "function": "<module>", "line": 90}
{"timestamp": "2026-06-11T10:53:35.312750", "level": "INFO", "logger": "__main__", "message": "Detected 16 threat regions", "module": "app", "function": "<module>", "line": 100}
{"timestamp": "2026-06-11T10:53:35.470754", "level": "INFO", "logger": "__main__", "message": "Detected 16 threat regions", "module": "app", "function": "<module>", "line": 100}
{"timestamp": "2026-06-11T10:53:47.761341", "level": "INFO", "logger": "core.database", "message": "\u2705 Database initialized successfully at D:\\baadal detection\\data\\aetherwatch_telemetry.db", "module": "database", "function": "init_db", "line": 43}
{"timestamp": "2026-06-11T10:53:47.761700", "level": "INFO", "logger": "core.database", "message": "\u2705 Database initialized successfully at D:\\baadal detection\\data\\aetherwatch_telemetry.db", "module": "database", "function": "init_db", "line": 43}
{"timestamp": "2026-06-11T10:53:47.761882", "level": "INFO", "logger": "__main__", "message": "\u2705 Database initialized successfully", "module": "app", "function": "<module>", "line": 31}
{"timestamp": "2026-06-11T10:53:47.762379", "level": "INFO", "logger": "__main__", "message": "\u2705 Database initialized successfully", "module": "app", "function": "<module>", "line": 31}
{"timestamp": "2026-06-11T10:53:47.776313", "level": "INFO", "logger": "__main__", "message": "Processing satellite data from D:\\baadal detection\\data\\demo_insat.h5", "module": "app", "function": "<module>", "line": 90}
{"timestamp": "2026-06-11T10:53:47.800208", "level": "INFO", "logger": "__main__", "message": "Processing satellite data from D:\\baadal detection\\data\\demo_insat.h5", "module": "app", "function": "<module>", "line": 90}
{"timestamp": "2026-06-11T10:54:05.665302", "level": "INFO", "logger": "__main__", "message": "Detected 16 threat regions", "module": "app", "function": "<module>", "line": 100}
{"timestamp": "2026-06-11T10:54:05.846946", "level": "INFO", "logger": "__main__", "message": "Detected 16 threat regions", "module": "app", "function": "<module>", "line": 100}
{"timestamp": "2026-06-11T11:04:36.791425", "level": "INFO", "logger": "core.database", "message": "\u2705 Database initialized successfully at D:\\baadal detection\\data\\aetherwatch_telemetry.db", "module": "database", "function": "init_db", "line": 43}
{"timestamp": "2026-06-11T11:04:36.796806", "level": "INFO", "logger": "__main__", "message": "\u2705 Database initialized successfully", "module": "app", "function": "<module>", "line": 31}
{"timestamp": "2026-06-11T11:04:36.911986", "level": "INFO", "logger": "__main__", "message": "Processing satellite data from D:\\baadal detection\\data\\demo_insat.h5", "module": "app", "function": "<module>", "line": 90}
{"timestamp": "2026-06-11T11:04:45.913589", "level": "INFO", "logger": "__main__", "message": "Detected 16 threat regions", "module": "app", "function": "<module>", "line": 100}
{"timestamp": "2026-06-11T11:04:46.706075", "level": "INFO", "logger": "core.database", "message": "\u2705 Database initialized successfully at D:\\baadal detection\\data\\aetherwatch_telemetry.db", "module": "database", "function": "init_db", "line": 43}
{"timestamp": "2026-06-11T11:04:46.706548", "level": "INFO", "logger": "__main__", "message": "\u2705 Database initialized successfully", "module": "app", "function": "<module>", "line": 31}
{"timestamp": "2026-06-11T11:04:46.720808", "level": "INFO", "logger": "__main__", "message": "Processing satellite data from D:\\baadal detection\\data\\demo_insat.h5", "module": "app", "function": "<module>", "line": 90}
{"timestamp": "2026-06-11T11:04:55.038950", "level": "INFO", "logger": "__main__", "message": "Detected 16 threat regions", "module": "app", "function": "<module>", "line": 100}
{"timestamp": "2026-06-11T11:14:27.935933", "level": "INFO", "logger": "core.database", "message": "\u2705 Database initialized successfully at D:\\baadal detection\\data\\aetherwatch_telemetry.db", "module": "database", "function": "init_db", "line": 43}
{"timestamp": "2026-06-11T11:14:27.936518", "level": "INFO", "logger": "core.database", "message": "\u2705 Database initialized successfully at D:\\baadal detection\\data\\aetherwatch_telemetry.db", "module": "database", "function": "init_db", "line": 43}
{"timestamp": "2026-06-11T11:14:27.936814", "level": "INFO", "logger": "__main__", "message": "\u2705 Database initialized successfully", "module": "app", "function": "<module>", "line": 31}
{"timestamp": "2026-06-11T11:14:27.937524", "level": "INFO", "logger": "__main__", "message": "\u2705 Database initialized successfully", "module": "app", "function": "<module>", "line": 31}
{"timestamp": "2026-06-11T11:14:27.937713", "level": "INFO", "logger": "__main__", "message": "\u2705 Database initialized successfully", "module": "app", "function": "<module>", "line": 31}
{"timestamp": "2026-06-11T11:14:27.938010", "level": "INFO", "logger": "__main__", "message": "\u2705 Database initialized successfully", "module": "app", "function": "<module>", "line": 31}
{"timestamp": "2026-06-11T11:14:27.954286", "level": "INFO", "logger": "__main__", "message": "Processing satellite data from D:\\baadal detection\\data\\demo_insat.h5", "module": "app", "function": "<module>", "line": 90}
{"timestamp": "2026-06-11T11:14:27.955830", "level": "INFO", "logger": "__main__", "message": "Processing satellite data from D:\\baadal detection\\data\\demo_insat.h5", "module": "app", "function": "<module>", "line": 90}
{"timestamp": "2026-06-11T11:14:28.003492", "level": "INFO", "logger": "__main__", "message": "Processing satellite data from D:\\baadal detection\\data\\demo_insat.h5", "module": "app", "function": "<module>", "line": 90}
{"timestamp": "2026-06-11T11:14:28.028230", "level": "INFO", "logger": "__main__", "message": "Processing satellite data from D:\\baadal detection\\data\\demo_insat.h5", "module": "app", "function": "<module>", "line": 90}
{"timestamp": "2026-06-11T11:14:39.950043", "level": "INFO", "logger": "core.database", "message": "\u2705 Database initialized successfully at D:\\baadal detection\\data\\aetherwatch_telemetry.db", "module": "database", "function": "init_db", "line": 43}
{"timestamp": "2026-06-11T11:14:39.950912", "level": "INFO", "logger": "__main__", "message": "\u2705 Database initialized successfully", "module": "app", "function": "<module>", "line": 31}
y.db", "module": "database", "function": "init_db", "line": 43}
{"timestamp": "2026-06-11T11:14:39.951940", "level": "INFO", "logger": "__main__", "message": "\u2705 Database initialized successfully", "module": "app", "function": "<module>", "line": 31}
{"timestamp": "2026-06-11T11:14:39.952179", "level": "INFO", "logger": "__main__", "message": "\u2705 Database initialized successfully", "module": "app", "function": "<module>", "line": 31}
{"timestamp": "2026-06-11T11:14:39.954977", "level": "INFO", "logger": "__main__", "message": "\u2705 Database initialized successfully", "module": "app", "function": "<module>", "line": 31}
{"timestamp": "2026-06-11T11:14:40.605014", "level": "INFO", "logger": "core.database", "message": "\u2705 Database initialized successfully at D:\\baadal detection\\data\\aetherwatch_telemetry.db", "module": "database", "function": "init_db", "line": 43}
{"timestamp": "2026-06-11T11:14:40.605737", "level": "INFO", "logger": "__main__", "message": "\u2705 Database initialized successfully", "module": "app", "function": "<module>", "line": 31}
{"timestamp": "2026-06-11T11:14:40.606039", "level": "INFO", "logger": "__main__", "message": "\u2705 Database initialized successfully", "module": "app", "function": "<module>", "line": 31}
{"timestamp": "2026-06-11T11:14:40.620315", "level": "INFO", "logger": "__main__", "message": "Processing satellite data from D:\\baadal detection\\data\\demo_insat.h5", "module": "app", "function": "<module>", "line": 90}
{"timestamp": "2026-06-11T11:14:40.620942", "level": "INFO", "logger": "__main__", "message": "Processing satellite data from D:\\baadal detection\\data\\demo_insat.h5", "module": "app", "function": "<module>", "line": 90}
{"timestamp": "2026-06-11T11:14:51.172380", "level": "INFO", "logger": "__main__", "message": "Detected 16 threat regions", "module": "app", "function": "<module>", "line": 100}
{"timestamp": "2026-06-11T11:14:51.174639", "level": "INFO", "logger": "__main__", "message": "Detected 16 threat regions", "module": "app", "function": "<module>", "line": 100}
{"timestamp": "2026-06-11T11:14:51.854385", "level": "INFO", "logger": "__main__", "message": "Detected 16 threat regions", "module": "app", "function": "<module>", "line": 100}
{"timestamp": "2026-06-11T11:14:51.856107", "level": "INFO", "logger": "__main__", "message": "Detected 16 threat regions", "module": "app", "function": "<module>", "line": 100}
{"timestamp": "2026-06-11T11:14:52.218989", "level": "INFO", "logger": "core.database", "message": "\u2705 Database initialized successfully at D:\\baadal detection\\data\\aetherwatch_telemetry.db", "module": "database", "function": "init_db", "line": 43}
{"timestamp": "2026-06-11T11:14:52.225300", "level": "INFO", "logger": "__main__", "message": "\u2705 Database initialized successfully", "module": "app", "function": "<module>", "line": 31}
{"timestamp": "2026-06-11T11:14:52.228143", "level": "INFO", "logger": "__main__", "message": "\u2705 Database initialized successfully", "module": "app", "function": "<module>", "line": 31}
{"timestamp": "2026-06-11T11:14:52.544363", "level": "INFO", "logger": "core.database", "message": "\u2705 Database initialized successfully at D:\\baadal detection\\data\\aetherwatch_telemetry.db", "module": "database", "function": "init_db", "line": 43}
{"timestamp": "2026-06-11T11:14:52.544818", "level": "INFO", "logger": "__main__", "message": "\u2705 Database initialized successfully", "module": "app", "function": "<module>", "line": 31}
{"timestamp": "2026-06-11T11:14:52.545102", "level": "INFO", "logger": "__main__", "message": "\u2705 Database initialized successfully", "module": "app", "function": "<module>", "line": 31}
{"timestamp": "2026-06-11T11:14:52.559007", "level": "INFO", "logger": "__main__", "message": "Processing satellite data from D:\\baadal detection\\data\\demo_insat.h5", "module": "app", "function": "<module>", "line": 90}
{"timestamp": "2026-06-11T11:14:52.559925", "level": "INFO", "logger": "__main__", "message": "Processing satellite data from D:\\baadal detection\\data\\demo_insat.h5", "module": "app", "function": "<module>", "line": 90}
{"timestamp": "2026-06-11T11:14:57.047741", "level": "INFO", "logger": "__main__", "message": "Detected 16 threat regions", "module": "app", "function": "<module>", "line": 100}
{"timestamp": "2026-06-11T11:14:57.048605", "level": "INFO", "logger": "__main__", "message": "Detected 16 threat regions", "module": "app", "function": "<module>", "line": 100}
{"timestamp": "2026-06-11T11:14:58.031833", "level": "INFO", "logger": "core.database", "message": "\u2705 Database initialized successfully at D:\\baadal detection\\data\\aetherwatch_telemetry.db", "module": "database", "function": "init_db", "line": 43}
{"timestamp": "2026-06-11T11:14:58.032342", "level": "INFO", "logger": "__main__", "message": "\u2705 Database initialized successfully", "module": "app", "function": "<module>", "line": 31}
{"timestamp": "2026-06-11T11:14:58.032657", "level": "INFO", "logger": "__main__", "message": "\u2705 Database initialized successfully", "module": "app", "function": "<module>", "line": 31}
{"timestamp": "2026-06-11T11:14:58.043689", "level": "INFO", "logger": "__main__", "message": "Processing satellite data from D:\\baadal detection\\data\\demo_insat.h5", "module": "app", "function": "<module>", "line": 90}
{"timestamp": "2026-06-11T11:14:58.044245", "level": "INFO", "logger": "__main__", "message": "Processing satellite data from D:\\baadal detection\\data\\demo_insat.h5", "module": "app", "function": "<module>", "line": 90}
{"timestamp": "2026-06-11T11:15:04.955314", "level": "INFO", "logger": "__main__", "message": "Detected 16 threat regions", "module": "app", "function": "<module>", "line": 100}
{"timestamp": "2026-06-11T11:15:04.955898", "level": "INFO", "logger": "__main__", "message": "Detected 16 threat regions", "module": "app", "function": "<module>", "line": 100}
{"timestamp": "2026-06-11T11:15:05.956728", "level": "INFO", "logger": "core.database", "message": "\u2705 Database initialized successfully at D:\\baadal detection\\data\\aetherwatch_telemetry.db", "module": "database", "function": "init_db", "line": 43}
{"timestamp": "2026-06-11T11:15:05.969117", "level": "INFO", "logger": "__main__", "message": "\u2705 Database initialized successfully", "module": "app", "function": "<module>", "line": 31}
{"timestamp": "2026-06-11T11:15:05.979280", "level": "INFO", "logger": "__main__", "message": "\u2705 Database initialized successfully", "module": "app", "function": "<module>", "line": 31}
{"timestamp": "2026-06-11T11:15:06.002974", "level": "INFO", "logger": "__main__", "message": "Processing satellite data from D:\\baadal detection\\data\\demo_insat.h5", "module": "app", "function": "<module>", "line": 90}
{"timestamp": "2026-06-11T11:15:06.003359", "level": "INFO", "logger": "__main__", "message": "Processing satellite data from D:\\baadal detection\\data\\demo_insat.h5", "module": "app", "function": "<module>", "line": 90}
{"timestamp": "2026-06-11T11:15:09.956079", "level": "INFO", "logger": "__main__", "message": "Detected 16 threat regions", "module": "app", "function": "<module>", "line": 100}
{"timestamp": "2026-06-11T11:15:09.956522", "level": "INFO", "logger": "__main__", "message": "Detected 16 threat regions", "module": "app", "function": "<module>", "line": 100}
{"timestamp": "2026-06-11T11:15:16.753693", "level": "INFO", "logger": "__main__", "message": "Detected 16 threat regions", "module": "app", "function": "<module>", "line": 100}
{"timestamp": "2026-06-11T11:15:16.754183", "level": "INFO", "logger": "__main__", "message": "Detected 16 threat regions", "module": "app", "function": "<module>", "line": 100}
{"timestamp": "2026-06-11T11:15:45.745526", "level": "INFO", "logger": "core.database", "message": "\u2705 Database initialized successfully at D:\\baadal detection\\data\\aetherwatch_telemetry.db", "module": "database", "function": "init_db", "line": 43}
{"timestamp": "2026-06-11T11:15:45.753520", "level": "INFO", "logger": "__main__", "message": "\u2705 Database initialized successfully", "module": "app", "function": "<module>", "line": 31}
{"timestamp": "2026-06-11T11:15:45.760622", "level": "INFO", "logger": "__main__", "message": "\u2705 Database initialized successfully", "module": "app", "function": "<module>", "line": 31}
{"timestamp": "2026-06-11T11:15:45.769326", "level": "INFO", "logger": "__main__", "message": "Processing satellite data from D:\\baadal detection\\data\\demo_insat.h5", "module": "app", "function": "<module>", "line": 90}
{"timestamp": "2026-06-11T11:15:45.769766", "level": "INFO", "logger": "__main__", "message": "Processing satellite data from D:\\baadal detection\\data\\demo_insat.h5", "module": "app", "function": "<module>", "line": 90}
{"timestamp": "2026-06-11T11:15:46.719748", "level": "INFO", "logger": "core.database", "message": "\u2705 Database initialized successfully at D:\\baadal detection\\data\\aetherwatch_telemetry.db", "module": "database", "function": "init_db", "line": 43}
{"timestamp": "2026-06-11T11:15:46.720591", "level": "INFO", "logger": "__main__", "message": "\u2705 Database initialized successfully", "module": "app", "function": "<module>", "line": 31}
{"timestamp": "2026-06-11T11:15:46.721059", "level": "INFO", "logger": "__main__", "message": "\u2705 Database initialized successfully", "module": "app", "function": "<module>", "line": 31}
{"timestamp": "2026-06-11T11:15:46.731135", "level": "INFO", "logger": "__main__", "message": "Processing satellite data from D:\\baadal detection\\data\\demo_insat.h5", "module": "app", "function": "<module>", "line": 90}
{"timestamp": "2026-06-11T11:15:46.731912", "level": "INFO", "logger": "__main__", "message": "Processing satellite data from D:\\baadal detection\\data\\demo_insat.h5", "module": "app", "function": "<module>", "line": 90}
{"timestamp": "2026-06-11T11:16:00.252506", "level": "INFO", "logger": "__main__", "message": "Detected 16 threat regions", "module": "app", "function": "<module>", "line": 100}
{"timestamp": "2026-06-11T11:16:00.254988", "level": "INFO", "logger": "__main__", "message": "Detected 16 threat regions", "module": "app", "function": "<module>", "line": 100}
{"timestamp": "2026-06-11T11:16:01.769289", "level": "INFO", "logger": "__main__", "message": "Detected 16 threat regions", "module": "app", "function": "<module>", "line": 100}
{"timestamp": "2026-06-11T11:16:01.769710", "level": "INFO", "logger": "__main__", "message": "Detected 16 threat regions", "module": "app", "function": "<module>", "line": 100}
{"timestamp": "2026-06-11T11:19:53.330132", "level": "INFO", "logger": "backend.main", "message": "\ud83d\ude80 AetherWatch API Starting Up...", "module": "main", "function": "startup_event", "line": 157}
{"timestamp": "2026-06-11T11:19:53.331893", "level": "INFO", "logger": "backend.main", "message": "\u2705 System initialized successfully", "module": "main", "function": "startup_event", "line": 159}
{"timestamp": "2026-06-11T11:21:12.440061", "level": "INFO", "logger": "backend.main", "message": "Health check performed", "module": "main", "function": "health_check", "line": 73}
{"timestamp": "2026-06-11T11:38:13.749535", "level": "INFO", "logger": "core.database", "message": "\u2705 Database initialized successfully at D:\\baadal detection\\data\\aetherwatch_telemetry.db", "module": "database", "function": "init_db", "line": 43}
{"timestamp": "2026-06-11T11:38:13.752654", "level": "INFO", "logger": "__main__", "message": "\u2705 Database initialized successfully", "module": "app", "function": "<module>", "line": 31}
{"timestamp": "2026-06-11T11:38:13.753606", "level": "INFO", "logger": "__main__", "message": "\u2705 Database initialized successfully", "module": "app", "function": "<module>", "line": 31}
{"timestamp": "2026-06-11T11:38:13.813782", "level": "INFO", "logger": "__main__", "message": "Processing satellite data from D:\\baadal detection\\data\\demo_insat.h5", "module": "app", "function": "<module>", "line": 90}
{"timestamp": "2026-06-11T11:38:13.814221", "level": "INFO", "logger": "__main__", "message": "Processing satellite data from D:\\baadal detection\\data\\demo_insat.h5", "module": "app", "function": "<module>", "line": 90}
{"timestamp": "2026-06-11T11:38:21.546917", "level": "INFO", "logger": "__main__", "message": "Detected 16 threat regions", "module": "app", "function": "<module>", "line": 100}
{"timestamp": "2026-06-11T11:38:21.547824", "level": "INFO", "logger": "__main__", "message": "Detected 16 threat regions", "module": "app", "function": "<module>", "line": 100}
{"timestamp": "2026-06-11T11:38:26.820301", "level": "INFO", "logger": "core.database", "message": "\u2705 Database initialized successfully at D:\\baadal detection\\data\\aetherwatch_telemetry.db", "module": "database", "function": "init_db", "line": 43}
{"timestamp": "2026-06-11T11:38:26.821034", "level": "INFO", "logger": "__main__", "message": "\u2705 Database initialized successfully", "module": "app", "function": "<module>", "line": 31}
{"timestamp": "2026-06-11T11:38:26.823578", "level": "INFO", "logger": "__main__", "message": "\u2705 Database initialized successfully", "module": "app", "function": "<module>", "line": 31}
{"timestamp": "2026-06-11T11:38:26.842597", "level": "INFO", "logger": "__main__", "message": "Processing satellite data from D:\\baadal detection\\data\\demo_insat.h5", "module": "app", "function": "<module>", "line": 90}
{"timestamp": "2026-06-11T11:38:26.843226", "level": "INFO", "logger": "__main__", "message": "Processing satellite data from D:\\baadal detection\\data\\demo_insat.h5", "module": "app", "function": "<module>", "line": 90}
{"timestamp": "2026-06-11T11:38:34.448292", "level": "INFO", "logger": "__main__", "message": "Detected 16 threat regions", "module": "app", "function": "<module>", "line": 100}
{"timestamp": "2026-06-11T11:38:34.449414", "level": "INFO", "logger": "__main__", "message": "Detected 16 threat regions", "module": "app", "function": "<module>", "line": 100}
{"timestamp": "2026-06-11T11:47:54.913043", "level": "INFO", "logger": "backend.main", "message": "Live threat data generated - Risk: NOMINAL, Temp: 210.65K", "module": "main", "function": "get_live_threats", "line": 103}
{"timestamp": "2026-06-11T12:22:13.484333", "level": "INFO", "logger": "core.database", "message": "\u2705 Database initialized successfully at D:\\baadal detection\\data\\aetherwatch_telemetry.db", "module": "database", "function": "init_db", "line": 43}
{"timestamp": "2026-06-11T12:22:13.484864", "level": "INFO", "logger": "core.database", "message": "\u2705 Database initialized successfully at D:\\baadal detection\\data\\aetherwatch_telemetry.db", "module": "database", "function": "init_db", "line": 43}
{"timestamp": "2026-06-11T12:22:13.485139", "level": "INFO", "logger": "__main__", "message": "\u2705 Dashboard initialized", "module": "app", "function": "<module>", "line": 47}
{"timestamp": "2026-06-11T12:22:13.485485", "level": "INFO", "logger": "__main__", "message": "\u2705 Dashboard initialized", "module": "app", "function": "<module>", "line": 47}
{"timestamp": "2026-06-11T12:22:13.502481", "level": "INFO", "logger": "__main__", "message": "Loading satellite data from DEMO DATA", "module": "app", "function": "<module>", "line": 180}
{"timestamp": "2026-06-11T12:22:13.554393", "level": "INFO", "logger": "__main__", "message": "Loading satellite data from DEMO DATA", "module": "app", "function": "<module>", "line": 180}
{"timestamp": "2026-06-11T12:22:29.876207", "level": "INFO", "logger": "core.database", "message": "\u2705 Database initialized successfully at D:\\baadal detection\\data\\aetherwatch_telemetry.db", "module": "database", "function": "init_db", "line": 43}
{"timestamp": "2026-06-11T12:22:29.879180", "level": "INFO", "logger": "__main__", "message": "\u2705 Dashboard initialized", "module": "app", "function": "<module>", "line": 47}
{"timestamp": "2026-06-11T12:22:29.988085", "level": "INFO", "logger": "core.mosdac_fetcher", "message": "\u2705 MOSDAC Satellite Fetcher initialized", "module": "mosdac_fetcher", "function": "__init__", "line": 46}
{"timestamp": "2026-06-11T12:22:30.015166", "level": "INFO", "logger": "core.mosdac_fetcher", "message": "\ud83d\udef0\ufe0f  Fetching real INSAT-3D data from MOSDAC for indian_ocean...", "module": "mosdac_fetcher", "function": "get_latest_satellite_data", "line": 69}
{"timestamp": "2026-06-11T12:22:30.289434", "level": "ERROR", "logger": "core.mosdac_fetcher", "message": "MOSDAC API fetch error: HTTPSConnectionPool(host='mosdac.isro.gov.in', port=443): Max retries exceeded with url: /imis/api/insat3d/latestlist (Caused by NameResolutionError(\"<urllib3.connection.HTTPSConnection object at 0x000001DF8612E660>: Failed to resolve 'mosdac.isro.gov.in' ([Errno 11001] getaddrinfo failed)\"))", "module": "mosdac_fetcher", "function": "_fetch_from_mosdac_api", "line": 118}
{"timestamp": "2026-06-11T12:22:30.402480", "level": "WARNING", "logger": "core.mosdac_fetcher", "message": "\u26a0\ufe0f  No MOSDAC data available, using demo data", "module": "mosdac_fetcher", "function": "get_latest_satellite_data", "line": 88}
{"timestamp": "2026-06-11T12:22:30.516952", "level": "INFO", "logger": "__main__", "message": "\u2705 Real MOSDAC data fetched: DEMO DATA (INSAT-3D Simulation)", "module": "app", "function": "<module>", "line": 149}
{"timestamp": "2026-06-11T12:22:30.628880", "level": "INFO", "logger": "__main__", "message": "Loading satellite data from DEMO DATA (INSAT-3D Simulation)", "module": "app", "function": "<module>", "line": 180}
{"timestamp": "2026-06-11T12:22:35.651813", "level": "INFO", "logger": "__main__", "message": "\ud83c\udfaf Detected 16 threat regions", "module": "app", "function": "<module>", "line": 213}
{"timestamp": "2026-06-11T12:22:36.425069", "level": "INFO", "logger": "__main__", "message": "\ud83c\udfaf Detected 16 threat regions", "module": "app", "function": "<module>", "line": 213}
{"timestamp": "2026-06-11T12:22:38.058250", "level": "INFO", "logger": "__main__", "message": "\ud83c\udfaf Detected 0 threat regions", "module": "app", "function": "<module>", "line": 213}
{"timestamp": "2026-06-11T12:22:39.013776", "level": "INFO", "logger": "__main__", "message": "\u2705 Dashboard rendered successfully", "module": "app", "function": "<module>", "line": 382}
{"timestamp": "2026-06-11T12:22:48.946276", "level": "INFO", "logger": "core.database", "message": "\u2705 Database initialized successfully at D:\\baadal detection\\data\\aetherwatch_telemetry.db", "module": "database", "function": "init_db", "line": 43}
{"timestamp": "2026-06-11T12:22:48.946645", "level": "INFO", "logger": "__main__", "message": "\u2705 Dashboard initialized", "module": "app", "function": "<module>", "line": 47}
{"timestamp": "2026-06-11T12:22:48.959633", "level": "INFO", "logger": "__main__", "message": "Loading satellite data from DEMO DATA (INSAT-3D Simulation)", "module": "app", "function": "<module>", "line": 180}
{"timestamp": "2026-06-11T12:22:50.679031", "level": "INFO", "logger": "__main__", "message": "\ud83c\udfaf Detected 0 threat regions", "module": "app", "function": "<module>", "line": 213}
{"timestamp": "2026-06-11T12:22:50.928099", "level": "INFO", "logger": "__main__", "message": "\u2705 Dashboard rendered successfully", "module": "app", "function": "<module>", "line": 382}
{"timestamp": "2026-06-11T12:23:42.326431", "level": "INFO", "logger": "core.database", "message": "\u2705 Database initialized successfully at D:\\baadal detection\\data\\aetherwatch_telemetry.db", "module": "database", "function": "init_db", "line": 43}
{"timestamp": "2026-06-11T12:23:42.327210", "level": "INFO", "logger": "__main__", "message": "\u2705 Dashboard initialized", "module": "app", "function": "<module>", "line": 47}
{"timestamp": "2026-06-11T12:23:42.341440", "level": "INFO", "logger": "__main__", "message": "Loading satellite data from DEMO DATA (INSAT-3D Simulation)", "module": "app", "function": "<module>", "line": 180}
{"timestamp": "2026-06-11T12:23:43.986957", "level": "INFO", "logger": "__main__", "message": "\ud83c\udfaf Detected 0 threat regions", "module": "app", "function": "<module>", "line": 213}
{"timestamp": "2026-06-11T12:23:44.222742", "level": "INFO", "logger": "__main__", "message": "\u2705 Dashboard rendered successfully", "module": "app", "function": "<module>", "line": 382}
{"timestamp": "2026-06-11T12:23:50.804105", "level": "INFO", "logger": "core.database", "message": "\u2705 Database initialized successfully at D:\\baadal detection\\data\\aetherwatch_telemetry.db", "module": "database", "function": "init_db", "line": 43}
{"timestamp": "2026-06-11T12:23:50.804549", "level": "INFO", "logger": "__main__", "message": "\u2705 Dashboard initialized", "module": "app", "function": "<module>", "line": 47}
{"timestamp": "2026-06-11T12:23:50.814006", "level": "INFO", "logger": "core.mosdac_fetcher", "message": "\ud83d\udef0\ufe0f  Fetching real INSAT-3D data from MOSDAC for indian_ocean...", "module": "mosdac_fetcher", "function": "get_latest_satellite_data", "line": 69}
{"timestamp": "2026-06-11T12:23:50.837469", "level": "ERROR", "logger": "core.mosdac_fetcher", "message": "MOSDAC API fetch error: HTTPSConnectionPool(host='mosdac.isro.gov.in', port=443): Max retries exceeded with url: /imis/api/insat3d/latestlist (Caused by NameResolutionError(\"<urllib3.connection.HTTPSConnection object at 0x000001DF887A6C10>: Failed to resolve 'mosdac.isro.gov.in' ([Errno 11001] getaddrinfo failed)\"))", "module": "mosdac_fetcher", "function": "_fetch_from_mosdac_api", "line": 118}
{"timestamp": "2026-06-11T12:23:50.837976", "level": "WARNING", "logger": "core.mosdac_fetcher", "message": "\u26a0\ufe0f  No MOSDAC data available, using demo data", "module": "mosdac_fetcher", "function": "get_latest_satellite_data", "line": 88}
{"timestamp": "2026-06-11T12:23:50.845852", "level": "INFO", "logger": "__main__", "message": "\u2705 Real MOSDAC data fetched: DEMO DATA (INSAT-3D Simulation)", "module": "app", "function": "<module>", "line": 149}
{"timestamp": "2026-06-11T12:23:50.850037", "level": "INFO", "logger": "__main__", "message": "Loading satellite data from DEMO DATA (INSAT-3D Simulation)", "module": "app", "function": "<module>", "line": 180}
{"timestamp": "2026-06-11T12:23:52.730274", "level": "INFO", "logger": "__main__", "message": "\ud83c\udfaf Detected 0 threat regions", "module": "app", "function": "<module>", "line": 213}
{"timestamp": "2026-06-11T12:23:53.041552", "level": "INFO", "logger": "__main__", "message": "\u2705 Dashboard rendered successfully", "module": "app", "function": "<module>", "line": 382}
{"timestamp": "2026-06-11T12:23:56.812175", "level": "INFO", "logger": "core.database", "message": "\u2705 Database initialized successfully at D:\\baadal detection\\data\\aetherwatch_telemetry.db", "module": "database", "function": "init_db", "line": 43}
{"timestamp": "2026-06-11T12:23:56.812649", "level": "INFO", "logger": "__main__", "message": "\u2705 Dashboard initialized", "module": "app", "function": "<module>", "line": 47}
{"timestamp": "2026-06-11T12:23:56.824077", "level": "INFO", "logger": "__main__", "message": "Loading satellite data from DEMO DATA (INSAT-3D Simulation)", "module": "app", "function": "<module>", "line": 180}
{"timestamp": "2026-06-11T12:23:58.400298", "level": "INFO", "logger": "__main__", "message": "\ud83c\udfaf Detected 0 threat regions", "module": "app", "function": "<module>", "line": 213}
{"timestamp": "2026-06-11T12:23:58.636156", "level": "INFO", "logger": "__main__", "message": "\u2705 Dashboard rendered successfully", "module": "app", "function": "<module>", "line": 382}
{"timestamp": "2026-06-11T12:24:03.155154", "level": "INFO", "logger": "core.database", "message": "\u2705 Database initialized successfully at D:\\baadal detection\\data\\aetherwatch_telemetry.db", "module": "database", "function": "init_db", "line": 43}
{"timestamp": "2026-06-11T12:24:03.155935", "level": "INFO", "logger": "__main__", "message": "\u2705 Dashboard initialized", "module": "app", "function": "<module>", "line": 47}
{"timestamp": "2026-06-11T12:24:03.167167", "level": "INFO", "logger": "core.mosdac_fetcher", "message": "\ud83d\udef0\ufe0f  Fetching real INSAT-3D data from MOSDAC for indian_ocean...", "module": "mosdac_fetcher", "function": "get_latest_satellite_data", "line": 69}
{"timestamp": "2026-06-11T12:24:03.177936", "level": "ERROR", "logger": "core.mosdac_fetcher", "message": "MOSDAC API fetch error: HTTPSConnectionPool(host='mosdac.isro.gov.in', port=443): Max retries exceeded with url: /imis/api/insat3d/latestlist (Caused by NameResolutionError(\"<urllib3.connection.HTTPSConnection object at 0x000001DF887A5A90>: Failed to resolve 'mosdac.isro.gov.in' ([Errno 11001] getaddrinfo failed)\"))", "module": "mosdac_fetcher", "function": "_fetch_from_mosdac_api", "line": 118}
{"timestamp": "2026-06-11T12:24:03.178438", "level": "WARNING", "logger": "core.mosdac_fetcher", "message": "\u26a0\ufe0f  No MOSDAC data available, using demo data", "module": "mosdac_fetcher", "function": "get_latest_satellite_data", "line": 88}
{"timestamp": "2026-06-11T12:24:03.188198", "level": "INFO", "logger": "__main__", "message": "\u2705 Real MOSDAC data fetched: DEMO DATA (INSAT-3D Simulation)", "module": "app", "function": "<module>", "line": 149}
{"timestamp": "2026-06-11T12:24:03.194319", "level": "INFO", "logger": "__main__", "message": "Loading satellite data from DEMO DATA (INSAT-3D Simulation)", "module": "app", "function": "<module>", "line": 180}
{"timestamp": "2026-06-11T12:24:04.719588", "level": "INFO", "logger": "__main__", "message": "\ud83c\udfaf Detected 0 threat regions", "module": "app", "function": "<module>", "line": 213}
{"timestamp": "2026-06-11T12:24:04.948740", "level": "INFO", "logger": "__main__", "message": "\u2705 Dashboard rendered successfully", "module": "app", "function": "<module>", "line": 382}
{"timestamp": "2026-06-11T12:24:10.705052", "level": "INFO", "logger": "core.database", "message": "\u2705 Database initialized successfully at D:\\baadal detection\\data\\aetherwatch_telemetry.db", "module": "database", "function": "init_db", "line": 43}
{"timestamp": "2026-06-11T12:24:10.705566", "level": "INFO", "logger": "__main__", "message": "\u2705 Dashboard initialized", "module": "app", "function": "<module>", "line": 47}
{"timestamp": "2026-06-11T12:24:10.720404", "level": "INFO", "logger": "__main__", "message": "Loading satellite data from DEMO DATA (INSAT-3D Simulation)", "module": "app", "function": "<module>", "line": 180}
{"timestamp": "2026-06-11T12:24:12.461138", "level": "INFO", "logger": "__main__", "message": "\ud83c\udfaf Detected 0 threat regions", "module": "app", "function": "<module>", "line": 213}
{"timestamp": "2026-06-11T12:24:12.713114", "level": "INFO", "logger": "__main__", "message": "\u2705 Dashboard rendered successfully", "module": "app", "function": "<module>", "line": 382}
{"timestamp": "2026-06-11T12:24:14.695325", "level": "INFO", "logger": "core.database", "message": "\u2705 Database initialized successfully at D:\\baadal detection\\data\\aetherwatch_telemetry.db", "module": "database", "function": "init_db", "line": 43}
{"timestamp": "2026-06-11T12:24:14.695661", "level": "INFO", "logger": "__main__", "message": "\u2705 Dashboard initialized", "module": "app", "function": "<module>", "line": 47}
{"timestamp": "2026-06-11T12:24:14.707643", "level": "INFO", "logger": "__main__", "message": "Loading satellite data from DEMO DATA (INSAT-3D Simulation)", "module": "app", "function": "<module>", "line": 180}
{"timestamp": "2026-06-11T12:24:16.293754", "level": "INFO", "logger": "__main__", "message": "\ud83c\udfaf Detected 0 threat regions", "module": "app", "function": "<module>", "line": 213}
{"timestamp": "2026-06-11T12:24:16.574998", "level": "INFO", "logger": "core.database", "message": "\u2705 Database initialized successfully at D:\\baadal detection\\data\\aetherwatch_telemetry.db", "module": "database", "function": "init_db", "line": 43}
{"timestamp": "2026-06-11T12:24:16.575475", "level": "INFO", "logger": "__main__", "message": "\u2705 Dashboard initialized", "module": "app", "function": "<module>", "line": 47}
{"timestamp": "2026-06-11T12:24:16.587767", "level": "INFO", "logger": "__main__", "message": "Loading satellite data from DEMO DATA (INSAT-3D Simulation)", "module": "app", "function": "<module>", "line": 180}
{"timestamp": "2026-06-11T12:24:18.043614", "level": "INFO", "logger": "__main__", "message": "\ud83c\udfaf Detected 0 threat regions", "module": "app", "function": "<module>", "line": 213}
{"timestamp": "2026-06-11T12:24:18.260020", "level": "INFO", "logger": "__main__", "message": "\u2705 Dashboard rendered successfully", "module": "app", "function": "<module>", "line": 382}
{"timestamp": "2026-06-11T12:24:19.128776", "level": "INFO", "logger": "core.database", "message": "\u2705 Database initialized successfully at D:\\baadal detection\\data\\aetherwatch_telemetry.db", "module": "database", "function": "init_db", "line": 43}
{"timestamp": "2026-06-11T12:24:19.129191", "level": "INFO", "logger": "__main__", "message": "\u2705 Dashboard initialized", "module": "app", "function": "<module>", "line": 47}
{"timestamp": "2026-06-11T12:24:19.140302", "level": "INFO", "logger": "__main__", "message": "Loading satellite data from DEMO DATA (INSAT-3D Simulation)", "module": "app", "function": "<module>", "line": 180}
{"timestamp": "2026-06-11T12:24:20.827602", "level": "INFO", "logger": "__main__", "message": "\ud83c\udfaf Detected 0 threat regions", "module": "app", "function": "<module>", "line": 213}
{"timestamp": "2026-06-11T12:24:21.072412", "level": "INFO", "logger": "__main__", "message": "\u2705 Dashboard rendered successfully", "module": "app", "function": "<module>", "line": 382}
{"timestamp": "2026-06-11T12:24:40.081617", "level": "INFO", "logger": "core.database", "message": "\u2705 Database initialized successfully at D:\\baadal detection\\data\\aetherwatch_telemetry.db", "module": "database", "function": "init_db", "line": 43}
{"timestamp": "2026-06-11T12:24:40.082187", "level": "INFO", "logger": "__main__", "message": "\u2705 Dashboard initialized", "module": "app", "function": "<module>", "line": 47}
{"timestamp": "2026-06-11T12:24:40.092705", "level": "INFO", "logger": "core.mosdac_fetcher", "message": "\ud83d\udef0\ufe0f  Fetching real INSAT-3D data from MOSDAC for indian_ocean...", "module": "mosdac_fetcher", "function": "get_latest_satellite_data", "line": 69}
{"timestamp": "2026-06-11T12:24:40.114231", "level": "ERROR", "logger": "core.mosdac_fetcher", "message": "MOSDAC API fetch error: HTTPSConnectionPool(host='mosdac.isro.gov.in', port=443): Max retries exceeded with url: /imis/api/insat3d/latestlist (Caused by NameResolutionError(\"<urllib3.connection.HTTPSConnection object at 0x000001DF860A3B10>: Failed to resolve 'mosdac.isro.gov.in' ([Errno 11001] getaddrinfo failed)\"))", "module": "mosdac_fetcher", "function": "_fetch_from_mosdac_api", "line": 118}
{"timestamp": "2026-06-11T12:24:40.114910", "level": "WARNING", "logger": "core.mosdac_fetcher", "message": "\u26a0\ufe0f  No MOSDAC data available, using demo data", "module": "mosdac_fetcher", "function": "get_latest_satellite_data", "line": 88}
{"timestamp": "2026-06-11T12:24:40.123224", "level": "INFO", "logger": "__main__", "message": "\u2705 Real MOSDAC data fetched: DEMO DATA (INSAT-3D Simulation)", "module": "app", "function": "<module>", "line": 149}
{"timestamp": "2026-06-11T12:24:40.128762", "level": "INFO", "logger": "__main__", "message": "Loading satellite data from DEMO DATA (INSAT-3D Simulation)", "module": "app", "function": "<module>", "line": 180}
{"timestamp": "2026-06-11T12:24:41.752797", "level": "INFO", "logger": "__main__", "message": "\ud83c\udfaf Detected 0 threat regions", "module": "app", "function": "<module>", "line": 213}
{"timestamp": "2026-06-11T12:24:42.025283", "level": "INFO", "logger": "__main__", "message": "\u2705 Dashboard rendered successfully", "module": "app", "function": "<module>", "line": 382}
{"timestamp": "2026-06-11T12:24:48.898609", "level": "INFO", "logger": "core.database", "message": "\u2705 Database initialized successfully at D:\\baadal detection\\data\\aetherwatch_telemetry.db", "module": "database", "function": "init_db", "line": 43}
{"timestamp": "2026-06-11T12:24:48.899806", "level": "INFO", "logger": "__main__", "message": "\u2705 Dashboard initialized", "module": "app", "function": "<module>", "line": 47}
{"timestamp": "2026-06-11T12:24:48.913453", "level": "INFO", "logger": "__main__", "message": "Loading satellite data from DEMO DATA (INSAT-3D Simulation)", "module": "app", "function": "<module>", "line": 180}
{"timestamp": "2026-06-11T12:24:50.655375", "level": "INFO", "logger": "__main__", "message": "\ud83c\udfaf Detected 0 threat regions", "module": "app", "function": "<module>", "line": 213}
{"timestamp": "2026-06-11T12:24:50.885098", "level": "INFO", "logger": "__main__", "message": "\u2705 Dashboard rendered successfully", "module": "app", "function": "<module>", "line": 382}
{"timestamp": "2026-06-11T12:27:36.705099", "level": "INFO", "logger": "core.database", "message": "\u2705 Database initialized successfully at D:\\baadal detection\\data\\aetherwatch_telemetry.db", "module": "database", "function": "init_db", "line": 43}
{"timestamp": "2026-06-11T12:27:36.707625", "level": "INFO", "logger": "__main__", "message": "\u2705 Dashboard initialized", "module": "app", "function": "<module>", "line": 47}
{"timestamp": "2026-06-11T12:27:36.740425", "level": "INFO", "logger": "__main__", "message": "Loading satellite data from DEMO DATA (INSAT-3D Simulation)", "module": "app", "function": "<module>", "line": 180}
{"timestamp": "2026-06-11T12:27:38.616599", "level": "INFO", "logger": "__main__", "message": "\ud83c\udfaf Detected 0 threat regions", "module": "app", "function": "<module>", "line": 213}
{"timestamp": "2026-06-11T12:27:38.870008", "level": "INFO", "logger": "__main__", "message": "\u2705 Dashboard rendered successfully", "module": "app", "function": "<module>", "line": 382}
{"timestamp": "2026-06-11T12:28:26.229466", "level": "INFO", "logger": "core.database", "message": "\u2705 Database initialized successfully at D:\\baadal detection\\data\\aetherwatch_telemetry.db", "module": "database", "function": "init_db", "line": 43}
{"timestamp": "2026-06-11T12:28:26.229874", "level": "INFO", "logger": "__main__", "message": "\u2705 Dashboard initialized", "module": "app", "function": "<module>", "line": 47}
{"timestamp": "2026-06-11T12:28:26.237192", "level": "INFO", "logger": "core.mosdac_fetcher", "message": "\ud83d\udef0\ufe0f  Fetching real INSAT-3D data from MOSDAC for indian_ocean...", "module": "mosdac_fetcher", "function": "get_latest_satellite_data", "line": 69}
{"timestamp": "2026-06-11T12:28:26.323179", "level": "ERROR", "logger": "core.mosdac_fetcher", "message": "MOSDAC API fetch error: HTTPSConnectionPool(host='mosdac.isro.gov.in', port=443): Max retries exceeded with url: /imis/api/insat3d/latestlist (Caused by NameResolutionError(\"<urllib3.connection.HTTPSConnection object at 0x000001DFCA32B610>: Failed to resolve 'mosdac.isro.gov.in' ([Errno 11001] getaddrinfo failed)\"))", "module": "mosdac_fetcher", "function": "_fetch_from_mosdac_api", "line": 118}
{"timestamp": "2026-06-11T12:28:26.325263", "level": "WARNING", "logger": "core.mosdac_fetcher", "message": "\u26a0\ufe0f  No MOSDAC data available, using demo data", "module": "mosdac_fetcher", "function": "get_latest_satellite_data", "line": 88}
{"timestamp": "2026-06-11T12:28:26.343562", "level": "INFO", "logger": "__main__", "message": "\u2705 Real MOSDAC data fetched: DEMO DATA (INSAT-3D Simulation)", "module": "app", "function": "<module>", "line": 149}
{"timestamp": "2026-06-11T12:28:26.349555", "level": "INFO", "logger": "__main__", "message": "Loading satellite data from DEMO DATA (INSAT-3D Simulation)", "module": "app", "function": "<module>", "line": 180}
{"timestamp": "2026-06-11T12:28:27.770009", "level": "INFO", "logger": "__main__", "message": "\ud83c\udfaf Detected 0 threat regions", "module": "app", "function": "<module>", "line": 213}
{"timestamp": "2026-06-11T12:28:27.974437", "level": "INFO", "logger": "__main__", "message": "\u2705 Dashboard rendered successfully", "module": "app", "function": "<module>", "line": 382}
{"timestamp": "2026-06-11T12:29:46.949160", "level": "INFO", "logger": "core.database", "message": "\u2705 Database initialized successfully at D:\\baadal detection\\data\\aetherwatch_telemetry.db", "module": "database", "function": "init_db", "line": 43}
{"timestamp": "2026-06-11T12:29:46.949669", "level": "INFO", "logger": "__main__", "message": "\u2705 Dashboard initialized", "module": "app", "function": "<module>", "line": 47}
{"timestamp": "2026-06-11T12:29:46.962498", "level": "INFO", "logger": "__main__", "message": "Loading satellite data from DEMO DATA (INSAT-3D Simulation)", "module": "app", "function": "<module>", "line": 180}
{"timestamp": "2026-06-11T12:29:47.948957", "level": "INFO", "logger": "core.database", "message": "\u2705 Database initialized successfully at D:\\baadal detection\\data\\aetherwatch_telemetry.db", "module": "database", "function": "init_db", "line": 43}
{"timestamp": "2026-06-11T12:29:47.951253", "level": "INFO", "logger": "__main__", "message": "\u2705 Dashboard initialized", "module": "app", "function": "<module>", "line": 47}
{"timestamp": "2026-06-11T12:29:47.973666", "level": "INFO", "logger": "__main__", "message": "Loading satellite data from DEMO DATA (INSAT-3D Simulation)", "module": "app", "function": "<module>", "line": 180}
{"timestamp": "2026-06-11T12:29:48.786360", "level": "INFO", "logger": "core.database", "message": "\u2705 Database initialized successfully at D:\\baadal detection\\data\\aetherwatch_telemetry.db", "module": "database", "function": "init_db", "line": 43}
{"timestamp": "2026-06-11T12:29:48.790038", "level": "INFO", "logger": "__main__", "message": "\u2705 Dashboard initialized", "module": "app", "function": "<module>", "line": 47}
{"timestamp": "2026-06-11T12:29:48.852759", "level": "INFO", "logger": "__main__", "message": "Loading satellite data from DEMO DATA (INSAT-3D Simulation)", "module": "app", "function": "<module>", "line": 180}
{"timestamp": "2026-06-11T12:29:49.550890", "level": "INFO", "logger": "__main__", "message": "\ud83c\udfaf Detected 0 threat regions", "module": "app", "function": "<module>", "line": 213}
{"timestamp": "2026-06-11T12:29:51.785232", "level": "INFO", "logger": "__main__", "message": "\ud83c\udfaf Detected 0 threat regions", "module": "app", "function": "<module>", "line": 213}
{"timestamp": "2026-06-11T12:29:52.019865", "level": "INFO", "logger": "__main__", "message": "\ud83c\udfaf Detected 0 threat regions", "module": "app", "function": "<module>", "line": 213}
{"timestamp": "2026-06-11T12:29:52.536481", "level": "INFO", "logger": "__main__", "message": "\u2705 Dashboard rendered successfully", "module": "app", "function": "<module>", "line": 382}
{"timestamp": "2026-06-11T12:29:53.053510", "level": "INFO", "logger": "core.database", "message": "\u2705 Database initialized successfully at D:\\baadal detection\\data\\aetherwatch_telemetry.db", "module": "database", "function": "init_db", "line": 43}
{"timestamp": "2026-06-11T12:29:53.054144", "level": "INFO", "logger": "__main__", "message": "\u2705 Dashboard initialized", "module": "app", "function": "<module>", "line": 47}
{"timestamp": "2026-06-11T12:29:53.068599", "level": "INFO", "logger": "__main__", "message": "Loading satellite data from DEMO DATA (INSAT-3D Simulation)", "module": "app", "function": "<module>", "line": 180}
{"timestamp": "2026-06-11T12:29:54.895610", "level": "INFO", "logger": "__main__", "message": "\ud83c\udfaf Detected 0 threat regions", "module": "app", "function": "<module>", "line": 213}
{"timestamp": "2026-06-11T12:29:55.163012", "level": "INFO", "logger": "__main__", "message": "\u2705 Dashboard rendered successfully", "module": "app", "function": "<module>", "line": 382}
{"timestamp": "2026-06-11T12:29:55.547739", "level": "INFO", "logger": "core.database", "message": "\u2705 Database initialized successfully at D:\\baadal detection\\data\\aetherwatch_telemetry.db", "module": "database", "function": "init_db", "line": 43}
{"timestamp": "2026-06-11T12:29:55.548227", "level": "INFO", "logger": "__main__", "message": "\u2705 Dashboard initialized", "module": "app", "function": "<module>", "line": 47}
{"timestamp": "2026-06-11T12:29:55.558312", "level": "INFO", "logger": "core.mosdac_fetcher", "message": "\ud83d\udef0\ufe0f  Fetching real INSAT-3D data from MOSDAC for indian_ocean...", "module": "mosdac_fetcher", "function": "get_latest_satellite_data", "line": 69}
{"timestamp": "2026-06-11T12:29:55.580992", "level": "ERROR", "logger": "core.mosdac_fetcher", "message": "MOSDAC API fetch error: HTTPSConnectionPool(host='mosdac.isro.gov.in', port=443): Max retries exceeded with url: /imis/api/insat3d/latestlist (Caused by NameResolutionError(\"<urllib3.connection.HTTPSConnection object at 0x000001DF84658F50>: Failed to resolve 'mosdac.isro.gov.in' ([Errno 11001] getaddrinfo failed)\"))", "module": "mosdac_fetcher", "function": "_fetch_from_mosdac_api", "line": 118}
{"timestamp": "2026-06-11T12:29:55.581694", "level": "WARNING", "logger": "core.mosdac_fetcher", "message": "\u26a0\ufe0f  No MOSDAC data available, using demo data", "module": "mosdac_fetcher", "function": "get_latest_satellite_data", "line": 88}
{"timestamp": "2026-06-11T12:29:55.590833", "level": "INFO", "logger": "__main__", "message": "\u2705 Real MOSDAC data fetched: DEMO DATA (INSAT-3D Simulation)", "module": "app", "function": "<module>", "line": 149}
{"timestamp": "2026-06-11T12:29:55.596145", "level": "INFO", "logger": "__main__", "message": "Loading satellite data from DEMO DATA (INSAT-3D Simulation)", "module": "app", "function": "<module>", "line": 180}
{"timestamp": "2026-06-11T12:29:57.377037", "level": "INFO", "logger": "__main__", "message": "\ud83c\udfaf Detected 0 threat regions", "module": "app", "function": "<module>", "line": 213}
{"timestamp": "2026-06-11T12:29:57.633925", "level": "INFO", "logger": "__main__", "message": "\u2705 Dashboard rendered successfully", "module": "app", "function": "<module>", "line": 382}
{"timestamp": "2026-06-11T12:34:47.016736", "level": "INFO", "logger": "core.database", "message": "\u2705 Database initialized successfully at D:\\baadal detection\\data\\aetherwatch_telemetry.db", "module": "database", "function": "init_db", "line": 43}
{"timestamp": "2026-06-11T12:34:47.017236", "level": "INFO", "logger": "__main__", "message": "\u2705 Dashboard initialized", "module": "app", "function": "<module>", "line": 47}
{"timestamp": "2026-06-11T12:34:47.028623", "level": "INFO", "logger": "__main__", "message": "Loading satellite data from DEMO DATA (INSAT-3D Simulation)", "module": "app", "function": "<module>", "line": 180}
{"timestamp": "2026-06-11T12:34:48.618536", "level": "INFO", "logger": "__main__", "message": "\ud83c\udfaf Detected 0 threat regions", "module": "app", "function": "<module>", "line": 213}
{"timestamp": "2026-06-11T12:34:48.862280", "level": "INFO", "logger": "__main__", "message": "\u2705 Dashboard rendered successfully", "module": "app", "function": "<module>", "line": 382}
{"timestamp": "2026-06-11T12:34:49.805550", "level": "INFO", "logger": "core.database", "message": "\u2705 Database initialized successfully at D:\\baadal detection\\data\\aetherwatch_telemetry.db", "module": "database", "function": "init_db", "line": 43}
{"timestamp": "2026-06-11T12:34:49.805877", "level": "INFO", "logger": "__main__", "message": "\u2705 Dashboard initialized", "module": "app", "function": "<module>", "line": 47}
{"timestamp": "2026-06-11T12:34:49.815378", "level": "INFO", "logger": "__main__", "message": "Loading satellite data from DEMO DATA (INSAT-3D Simulation)", "module": "app", "function": "<module>", "line": 180}
{"timestamp": "2026-06-11T12:34:50.369578", "level": "INFO", "logger": "core.database", "message": "\u2705 Database initialized successfully at D:\\baadal detection\\data\\aetherwatch_telemetry.db", "module": "database", "function": "init_db", "line": 43}
{"timestamp": "2026-06-11T12:34:50.377468", "level": "INFO", "logger": "__main__", "message": "\u2705 Dashboard initialized", "module": "app", "function": "<module>", "line": 47}
{"timestamp": "2026-06-11T12:34:50.390036", "level": "INFO", "logger": "__main__", "message": "Loading satellite data from DEMO DATA (INSAT-3D Simulation)", "module": "app", "function": "<module>", "line": 180}
{"timestamp": "2026-06-11T12:34:52.997101", "level": "INFO", "logger": "__main__", "message": "\ud83c\udfaf Detected 0 threat regions", "module": "app", "function": "<module>", "line": 213}
{"timestamp": "2026-06-11T12:34:53.291325", "level": "INFO", "logger": "__main__", "message": "\ud83c\udfaf Detected 0 threat regions", "module": "app", "function": "<module>", "line": 213}
{"timestamp": "2026-06-11T12:34:53.812183", "level": "INFO", "logger": "__main__", "message": "\u2705 Dashboard rendered successfully", "module": "app", "function": "<module>", "line": 382}
{"timestamp": "2026-06-11T12:34:56.618613", "level": "INFO", "logger": "core.database", "message": "\u2705 Database initialized successfully at D:\\baadal detection\\data\\aetherwatch_telemetry.db", "module": "database", "function": "init_db", "line": 43}
{"timestamp": "2026-06-11T12:34:56.618980", "level": "INFO", "logger": "__main__", "message": "\u2705 Dashboard initialized", "module": "app", "function": "<module>", "line": 47}
{"timestamp": "2026-06-11T12:34:56.628667", "level": "INFO", "logger": "core.mosdac_fetcher", "message": "\ud83d\udef0\ufe0f  Fetching real INSAT-3D data from MOSDAC for indian_ocean...", "module": "mosdac_fetcher", "function": "get_latest_satellite_data", "line": 69}
{"timestamp": "2026-06-11T12:34:56.971417", "level": "ERROR", "logger": "core.mosdac_fetcher", "message": "MOSDAC API fetch error: HTTPSConnectionPool(host='mosdac.isro.gov.in', port=443): Max retries exceeded with url: /imis/api/insat3d/latestlist (Caused by NameResolutionError(\"<urllib3.connection.HTTPSConnection object at 0x000001DF887A7110>: Failed to resolve 'mosdac.isro.gov.in' ([Errno 11001] getaddrinfo failed)\"))", "module": "mosdac_fetcher", "function": "_fetch_from_mosdac_api", "line": 118}
{"timestamp": "2026-06-11T12:34:56.971927", "level": "WARNING", "logger": "core.mosdac_fetcher", "message": "\u26a0\ufe0f  No MOSDAC data available, using demo data", "module": "mosdac_fetcher", "function": "get_latest_satellite_data", "line": 88}
{"timestamp": "2026-06-11T12:34:56.980277", "level": "INFO", "logger": "__main__", "message": "\u2705 Real MOSDAC data fetched: DEMO DATA (INSAT-3D Simulation)", "module": "app", "function": "<module>", "line": 149}
{"timestamp": "2026-06-11T12:34:56.985702", "level": "INFO", "logger": "__main__", "message": "Loading satellite data from DEMO DATA (INSAT-3D Simulation)", "module": "app", "function": "<module>", "line": 180}
{"timestamp": "2026-06-11T12:34:58.955282", "level": "INFO", "logger": "__main__", "message": "\ud83c\udfaf Detected 0 threat regions", "module": "app", "function": "<module>", "line": 213}
{"timestamp": "2026-06-11T12:34:59.176676", "level": "INFO", "logger": "__main__", "message": "\u2705 Dashboard rendered successfully", "module": "app", "function": "<module>", "line": 382}
{"timestamp": "2026-06-12T15:33:45.707897", "level": "INFO", "logger": "core.database", "message": "\u2705 Database initialized successfully at D:\\baadal detection\\data\\aetherwatch_telemetry.db", "module": "database", "function": "init_db", "line": 43}
{"timestamp": "2026-06-12T15:33:45.715077", "level": "INFO", "logger": "__main__", "message": "\u2705 Dashboard initialized", "module": "app", "function": "<module>", "line": 47}
{"timestamp": "2026-06-12T15:33:45.756260", "level": "INFO", "logger": "__main__", "message": "Loading satellite data from DEMO DATA", "module": "app", "function": "<module>", "line": 180}
{"timestamp": "2026-06-12T15:33:53.242441", "level": "INFO", "logger": "core.database", "message": "\u2705 Database initialized successfully at D:\\baadal detection\\data\\aetherwatch_telemetry.db", "module": "database", "function": "init_db", "line": 43}
{"timestamp": "2026-06-12T15:33:53.246684", "level": "INFO", "logger": "__main__", "message": "\u2705 Dashboard initialized", "module": "app", "function": "<module>", "line": 47}
{"timestamp": "2026-06-12T15:33:53.259952", "level": "INFO", "logger": "core.mosdac_fetcher", "message": "\u2705 MOSDAC Satellite Fetcher initialized", "module": "mosdac_fetcher", "function": "__init__", "line": 46}
{"timestamp": "2026-06-12T15:33:53.261511", "level": "INFO", "logger": "core.mosdac_fetcher", "message": "\ud83d\udef0\ufe0f  Fetching real INSAT-3D data from MOSDAC for indian_ocean...", "module": "mosdac_fetcher", "function": "get_latest_satellite_data", "line": 69}
{"timestamp": "2026-06-12T15:33:53.674010", "level": "ERROR", "logger": "core.mosdac_fetcher", "message": "MOSDAC API fetch error: HTTPSConnectionPool(host='mosdac.isro.gov.in', port=443): Max retries exceeded with url: /imis/api/insat3d/latestlist (Caused by NameResolutionError(\"<urllib3.connection.HTTPSConnection object at 0x000002191EAD92B0>: Failed to resolve 'mosdac.isro.gov.in' ([Errno 11001] getaddrinfo failed)\"))", "module": "mosdac_fetcher", "function": "_fetch_from_mosdac_api", "line": 118}
{"timestamp": "2026-06-12T15:33:53.675731", "level": "WARNING", "logger": "core.mosdac_fetcher", "message": "\u26a0\ufe0f  No MOSDAC data available, using demo data", "module": "mosdac_fetcher", "function": "get_latest_satellite_data", "line": 88}
{"timestamp": "2026-06-12T15:33:53.696633", "level": "INFO", "logger": "__main__", "message": "\u2705 Real MOSDAC data fetched: DEMO DATA (INSAT-3D Simulation)", "module": "app", "function": "<module>", "line": 149}
{"timestamp": "2026-06-12T15:33:53.706732", "level": "INFO", "logger": "__main__", "message": "Loading satellite data from DEMO DATA (INSAT-3D Simulation)", "module": "app", "function": "<module>", "line": 180}
{"timestamp": "2026-06-12T15:33:57.177870", "level": "INFO", "logger": "__main__", "message": "\ud83c\udfaf Detected 0 threat regions", "module": "app", "function": "<module>", "line": 213}
{"timestamp": "2026-06-12T15:33:58.311802", "level": "INFO", "logger": "core.database", "message": "\u2705 Database initialized successfully at D:\\baadal detection\\data\\aetherwatch_telemetry.db", "module": "database", "function": "init_db", "line": 43}
{"timestamp": "2026-06-12T15:33:58.312910", "level": "INFO", "logger": "__main__", "message": "\u2705 Dashboard initialized", "module": "app", "function": "<module>", "line": 47}
{"timestamp": "2026-06-12T15:33:58.327773", "level": "INFO", "logger": "__main__", "message": "Loading satellite data from DEMO DATA (INSAT-3D Simulation)", "module": "app", "function": "<module>", "line": 180}
{"timestamp": "2026-06-12T15:34:00.240165", "level": "INFO", "logger": "core.database", "message": "\u2705 Database initialized successfully at D:\\baadal detection\\data\\aetherwatch_telemetry.db", "module": "database", "function": "init_db", "line": 43}
{"timestamp": "2026-06-12T15:34:00.241475", "level": "INFO", "logger": "__main__", "message": "\u2705 Dashboard initialized", "module": "app", "function": "<module>", "line": 47}
{"timestamp": "2026-06-12T15:34:00.262319", "level": "INFO", "logger": "__main__", "message": "Loading satellite data from DEMO DATA (INSAT-3D Simulation)", "module": "app", "function": "<module>", "line": 180}
{"timestamp": "2026-06-12T15:34:01.020956", "level": "INFO", "logger": "__main__", "message": "\ud83c\udfaf Detected 0 threat regions", "module": "app", "function": "<module>", "line": 213}
{"timestamp": "2026-06-12T15:34:02.690626", "level": "INFO", "logger": "__main__", "message": "\ud83c\udfaf Detected 0 threat regions", "module": "app", "function": "<module>", "line": 213}
{"timestamp": "2026-06-12T15:34:04.625415", "level": "INFO", "logger": "__main__", "message": "\u2705 Dashboard rendered successfully", "module": "app", "function": "<module>", "line": 382}
{"timestamp": "2026-06-14T09:24:40.665988", "level": "INFO", "logger": "core.database", "message": "\u2705 Database initialized successfully at D:\\baadal detection\\data\\aetherwatch_telemetry.db", "module": "database", "function": "init_db", "line": 43}
{"timestamp": "2026-06-14T09:24:40.677514", "level": "INFO", "logger": "__main__", "message": "\u2705 Dashboard initialized", "module": "app", "function": "<module>", "line": 47}
{"timestamp": "2026-06-14T09:24:40.952866", "level": "INFO", "logger": "__main__", "message": "Loading satellite data from DEMO DATA", "module": "app", "function": "<module>", "line": 180}
{"timestamp": "2026-06-14T09:24:55.966343", "level": "INFO", "logger": "__main__", "message": "\ud83c\udfaf Detected 16 threat regions", "module": "app", "function": "<module>", "line": 213}
{"timestamp": "2026-06-14T09:26:29.196107", "level": "INFO", "logger": "core.database", "message": "\u2705 Database initialized successfully at D:\\baadal detection\\data\\aetherwatch_telemetry.db", "module": "database", "function": "init_db", "line": 43}
{"timestamp": "2026-06-14T09:26:29.197467", "level": "INFO", "logger": "core.database", "message": "\u2705 Database initialized successfully at D:\\baadal detection\\data\\aetherwatch_telemetry.db", "module": "database", "function": "init_db", "line": 43}
{"timestamp": "2026-06-14T09:26:29.199255", "level": "INFO", "logger": "__main__", "message": "\u2705 Dashboard initialized", "module": "app", "function": "<module>", "line": 47}
{"timestamp": "2026-06-14T09:26:29.199718", "level": "INFO", "logger": "__main__", "message": "\u2705 Dashboard initialized", "module": "app", "function": "<module>", "line": 47}
{"timestamp": "2026-06-14T09:26:29.200171", "level": "INFO", "logger": "__main__", "message": "\u2705 Dashboard initialized", "module": "app", "function": "<module>", "line": 47}
{"timestamp": "2026-06-14T09:26:29.200632", "level": "INFO", "logger": "__main__", "message": "\u2705 Dashboard initialized", "module": "app", "function": "<module>", "line": 47}
{"timestamp": "2026-06-14T09:26:29.441083", "level": "INFO", "logger": "__main__", "message": "Loading satellite data from DEMO DATA", "module": "app", "function": "<module>", "line": 180}
{"timestamp": "2026-06-14T09:26:29.441658", "level": "INFO", "logger": "__main__", "message": "Loading satellite data from DEMO DATA", "module": "app", "function": "<module>", "line": 180}
{"timestamp": "2026-06-14T09:26:40.847508", "level": "INFO", "logger": "__main__", "message": "\ud83c\udfaf Detected 16 threat regions", "module": "app", "function": "<module>", "line": 213}
{"timestamp": "2026-06-14T09:26:40.860314", "level": "INFO", "logger": "__main__", "message": "\ud83c\udfaf Detected 16 threat regions", "module": "app", "function": "<module>", "line": 213}
{"timestamp": "2026-06-14T09:26:47.492644", "level": "INFO", "logger": "core.database", "message": "\u2705 Database initialized successfully at D:\\baadal detection\\data\\aetherwatch_telemetry.db", "module": "database", "function": "init_db", "line": 43}
{"timestamp": "2026-06-14T09:26:47.493334", "level": "INFO", "logger": "__main__", "message": "\u2705 Dashboard initialized", "module": "app", "function": "<module>", "line": 47}
{"timestamp": "2026-06-14T09:26:47.493813", "level": "INFO", "logger": "__main__", "message": "\u2705 Dashboard initialized", "module": "app", "function": "<module>", "line": 47}
{"timestamp": "2026-06-14T09:26:47.504071", "level": "INFO", "logger": "core.mosdac_fetcher", "message": "\u2705 MOSDAC Satellite Fetcher initialized", "module": "mosdac_fetcher", "function": "__init__", "line": 46}
{"timestamp": "2026-06-14T09:26:47.504932", "level": "INFO", "logger": "core.mosdac_fetcher", "message": "\ud83d\udef0\ufe0f  Fetching real INSAT-3D data from MOSDAC for indian_ocean...", "module": "mosdac_fetcher", "function": "get_latest_satellite_data", "line": 69}
{"timestamp": "2026-06-14T09:26:48.013852", "level": "ERROR", "logger": "core.mosdac_fetcher", "message": "MOSDAC API fetch error: HTTPSConnectionPool(host='mosdac.isro.gov.in', port=443): Max retries exceeded with url: /imis/api/insat3d/latestlist (Caused by NameResolutionError(\"<urllib3.connection.HTTPSConnection object at 0x000001D84E425D30>: Failed to resolve 'mosdac.isro.gov.in' ([Errno 11001] getaddrinfo failed)\"))", "module": "mosdac_fetcher", "function": "_fetch_from_mosdac_api", "line": 118}
{"timestamp": "2026-06-14T09:26:48.014451", "level": "WARNING", "logger": "core.mosdac_fetcher", "message": "\u26a0\ufe0f  No MOSDAC data available, using demo data", "module": "mosdac_fetcher", "function": "get_latest_satellite_data", "line": 88}
{"timestamp": "2026-06-14T09:26:48.029416", "level": "INFO", "logger": "__main__", "message": "\u2705 Real MOSDAC data fetched: DEMO DATA (INSAT-3D Simulation)", "module": "app", "function": "<module>", "line": 149}
{"timestamp": "2026-06-14T09:26:48.030204", "level": "INFO", "logger": "__main__", "message": "\u2705 Real MOSDAC data fetched: DEMO DATA (INSAT-3D Simulation)", "module": "app", "function": "<module>", "line": 149}
{"timestamp": "2026-06-14T09:26:48.037662", "level": "INFO", "logger": "__main__", "message": "Loading satellite data from DEMO DATA (INSAT-3D Simulation)", "module": "app", "function": "<module>", "line": 180}
{"timestamp": "2026-06-14T09:26:48.038191", "level": "INFO", "logger": "__main__", "message": "Loading satellite data from DEMO DATA (INSAT-3D Simulation)", "module": "app", "function": "<module>", "line": 180}
{"timestamp": "2026-06-14T09:26:49.727700", "level": "INFO", "logger": "__main__", "message": "\ud83c\udfaf Detected 0 threat regions", "module": "app", "function": "<module>", "line": 213}
{"timestamp": "2026-06-14T09:26:49.728211", "level": "INFO", "logger": "__main__", "message": "\ud83c\udfaf Detected 0 threat regions", "module": "app", "function": "<module>", "line": 213}
{"timestamp": "2026-06-14T09:26:50.331855", "level": "INFO", "logger": "core.database", "message": "\u2705 Database initialized successfully at D:\\baadal detection\\data\\aetherwatch_telemetry.db", "module": "database", "function": "init_db", "line": 43}
{"timestamp": "2026-06-14T09:26:50.332395", "level": "INFO", "logger": "__main__", "message": "\u2705 Dashboard initialized", "module": "app", "function": "<module>", "line": 47}
{"timestamp": "2026-06-14T09:26:50.338560", "level": "INFO", "logger": "__main__", "message": "\u2705 Dashboard initialized", "module": "app", "function": "<module>", "line": 47}
{"timestamp": "2026-06-14T09:26:50.411178", "level": "INFO", "logger": "__main__", "message": "Loading satellite data from DEMO DATA (INSAT-3D Simulation)", "module": "app", "function": "<module>", "line": 180}
{"timestamp": "2026-06-14T09:26:50.411645", "level": "INFO", "logger": "__main__", "message": "Loading satellite data from DEMO DATA (INSAT-3D Simulation)", "module": "app", "function": "<module>", "line": 180}
{"timestamp": "2026-06-14T09:26:52.729893", "level": "INFO", "logger": "__main__", "message": "\ud83c\udfaf Detected 0 threat regions", "module": "app", "function": "<module>", "line": 213}
{"timestamp": "2026-06-14T09:26:52.730391", "level": "INFO", "logger": "__main__", "message": "\ud83c\udfaf Detected 0 threat regions", "module": "app", "function": "<module>", "line": 213}
{"timestamp": "2026-06-14T09:26:53.033833", "level": "INFO", "logger": "__main__", "message": "\u2705 Dashboard rendered successfully", "module": "app", "function": "<module>", "line": 382}
{"timestamp": "2026-06-14T09:26:53.036056", "level": "INFO", "logger": "__main__", "message": "\u2705 Dashboard rendered successfully", "module": "app", "function": "<module>", "line": 382}
{"timestamp": "2026-06-14T09:26:57.453831", "level": "INFO", "logger": "core.database", "message": "\u2705 Database initialized successfully at D:\\baadal detection\\data\\aetherwatch_telemetry.db", "module": "database", "function": "init_db", "line": 43}
{"timestamp": "2026-06-14T09:26:57.454204", "level": "INFO", "logger": "core.database", "message": "\u2705 Database initialized successfully at D:\\baadal detection\\data\\aetherwatch_telemetry.db", "module": "database", "function": "init_db", "line": 43}
{"timestamp": "2026-06-14T09:26:57.454397", "level": "INFO", "logger": "__main__", "message": "\u2705 Dashboard initialized", "module": "app", "function": "<module>", "line": 47}
{"timestamp": "2026-06-14T09:26:57.455404", "level": "INFO", "logger": "__main__", "message": "\u2705 Dashboard initialized", "module": "app", "function": "<module>", "line": 47}
{"timestamp": "2026-06-14T09:26:57.455816", "level": "INFO", "logger": "__main__", "message": "\u2705 Dashboard initialized", "module": "app", "function": "<module>", "line": 47}
{"timestamp": "2026-06-14T09:26:57.457132", "level": "INFO", "logger": "__main__", "message": "\u2705 Dashboard initialized", "module": "app", "function": "<module>", "line": 47}
{"timestamp": "2026-06-14T09:26:57.719642", "level": "INFO", "logger": "__main__", "message": "Loading satellite data from DEMO DATA (INSAT-3D Simulation)", "module": "app", "function": "<module>", "line": 180}
{"timestamp": "2026-06-14T09:26:57.720465", "level": "INFO", "logger": "__main__", "message": "Loading satellite data from DEMO DATA (INSAT-3D Simulation)", "module": "app", "function": "<module>", "line": 180}
{"timestamp": "2026-06-14T09:26:58.667993", "level": "INFO", "logger": "core.database", "message": "\u2705 Database initialized successfully at D:\\baadal detection\\data\\aetherwatch_telemetry.db", "module": "database", "function": "init_db", "line": 43}
{"timestamp": "2026-06-14T09:26:58.669180", "level": "INFO", "logger": "__main__", "message": "\u2705 Dashboard initialized", "module": "app", "function": "<module>", "line": 47}
{"timestamp": "2026-06-14T09:26:58.669562", "level": "INFO", "logger": "__main__", "message": "\u2705 Dashboard initialized", "module": "app", "function": "<module>", "line": 47}
{"timestamp": "2026-06-14T09:26:58.717591", "level": "INFO", "logger": "__main__", "message": "Loading satellite data from DEMO DATA (INSAT-3D Simulation)", "module": "app", "function": "<module>", "line": 180}
{"timestamp": "2026-06-14T09:26:58.720808", "level": "INFO", "logger": "__main__", "message": "Loading satellite data from DEMO DATA (INSAT-3D Simulation)", "module": "app", "function": "<module>", "line": 180}
{"timestamp": "2026-06-14T09:26:59.967358", "level": "INFO", "logger": "__main__", "message": "\ud83c\udfaf Detected 0 threat regions", "module": "app", "function": "<module>", "line": 213}
{"timestamp": "2026-06-14T09:26:59.968188", "level": "INFO", "logger": "__main__", "message": "\ud83c\udfaf Detected 0 threat regions", "module": "app", "function": "<module>", "line": 213}
{"timestamp": "2026-06-14T09:27:00.804549", "level": "INFO", "logger": "__main__", "message": "\ud83c\udfaf Detected 0 threat regions", "module": "app", "function": "<module>", "line": 213}
{"timestamp": "2026-06-14T09:27:00.804909", "level": "INFO", "logger": "__main__", "message": "\ud83c\udfaf Detected 0 threat regions", "module": "app", "function": "<module>", "line": 213}
{"timestamp": "2026-06-14T09:27:01.069654", "level": "INFO", "logger": "__main__", "message": "\u2705 Dashboard rendered successfully", "module": "app", "function": "<module>", "line": 382}
{"timestamp": "2026-06-14T09:27:01.070121", "level": "INFO", "logger": "__main__", "message": "\u2705 Dashboard rendered successfully", "module": "app", "function": "<module>", "line": 382}
{"timestamp": "2026-06-14T09:34:07.513969", "level": "INFO", "logger": "core.database", "message": "\u2705 Database initialized successfully at D:\\baadal detection\\data\\aetherwatch_telemetry.db", "module": "database", "function": "init_db", "line": 43}
{"timestamp": "2026-06-14T09:50:58.826064", "level": "INFO", "logger": "core.database", "message": "Database initialized at C:\\Users\\lenovo\\AppData\\Local\\Temp\\aetherwatch_core_check.db", "module": "database", "function": "init_db", "line": 102}
{"timestamp": "2026-06-14T09:50:58.845768", "level": "INFO", "logger": "core.database", "message": "Saved analysis 1 with 16 candidates", "module": "database", "function": "save_analysis", "line": 193}
{"timestamp": "2026-06-14T09:50:58.859755", "level": "INFO", "logger": "core.database", "message": "Database initialized at C:\\Users\\lenovo\\AppData\\Local\\Temp\\aetherwatch_core_check.db", "module": "database", "function": "init_db", "line": 102}
{"timestamp": "2026-06-14T10:06:35.860711", "level": "INFO", "logger": "core.database", "message": "Database initialized at C:\\Users\\lenovo\\AppData\\Local\\Temp\\pytest-of-lenovo\\pytest-0\\test_analysis_persistence_is_i0\\test.db", "module": "database", "function": "init_db", "line": 102}
{"timestamp": "2026-06-14T10:06:35.874336", "level": "INFO", "logger": "core.database", "message": "Saved analysis 1 with 1 candidates", "module": "database", "function": "save_analysis", "line": 193}
{"timestamp": "2026-06-14T10:06:35.884401", "level": "INFO", "logger": "core.database", "message": "Database initialized at C:\\Users\\lenovo\\AppData\\Local\\Temp\\pytest-of-lenovo\\pytest-0\\test_analysis_persistence_is_i0\\test.db", "module": "database", "function": "init_db", "line": 102}
{"timestamp": "2026-06-14T10:06:35.894991", "level": "INFO", "logger": "core.database", "message": "Database initialized at C:\\Users\\lenovo\\AppData\\Local\\Temp\\pytest-of-lenovo\\pytest-0\\test_analysis_persistence_is_i0\\test.db", "module": "database", "function": "init_db", "line": 102}
{"timestamp": "2026-06-14T10:06:48.194041", "level": "WARNING", "logger": "core.mosdac_worker", "message": "MOSDAC is not configured; retaining historical mode", "module": "mosdac_worker", "function": "run_once", "line": 97}
{"timestamp": "2026-06-14T10:06:52.294294", "level": "INFO", "logger": "core.database", "message": "Database initialized at C:\\Users\\lenovo\\AppData\\Local\\Temp\\aetherwatch_verify.db", "module": "database", "function": "init_db", "line": 102}
{"timestamp": "2026-06-14T10:06:52.308703", "level": "INFO", "logger": "core.database", "message": "Saved analysis 1 with 16 candidates", "module": "database", "function": "save_analysis", "line": 193}
{"timestamp": "2026-06-14T10:06:52.315972", "level": "INFO", "logger": "core.database", "message": "Database initialized at C:\\Users\\lenovo\\AppData\\Local\\Temp\\aetherwatch_verify.db", "module": "database", "function": "init_db", "line": 102}
{"timestamp": "2026-06-14T10:07:02.550387", "level": "ERROR", "logger": "__main__", "message": "Dashboard API request failed: HTTPConnectionPool(host='localhost', port=8000): Max retries exceeded with url: /health (Caused by NewConnectionError('<urllib3.connection.HTTPConnection object at 0x000001E7FDE016A0>: Failed to establish a new connection: [WinError 10061] No connection could be made because the target machine actively refused it'))", "module": "app", "function": "<module>", "line": 68}
{"timestamp": "2026-06-14T10:14:25.100200+00:00", "level": "ERROR", "logger": "__main__", "message": "Dashboard API request failed: HTTPConnectionPool(host='localhost', port=8000): Max retries exceeded with url: /health (Caused by NewConnectionError('<urllib3.connection.HTTPConnection object at 0x0000022796B15A90>: Failed to establish a new connection: [WinError 10061] No connection could be made because the target machine actively refused it'))", "module": "app", "function": "<module>", "line": 68}
{"timestamp": "2026-06-14T10:16:39.831681+00:00", "level": "ERROR", "logger": "__main__", "message": "Dashboard API request failed: HTTPConnectionPool(host='localhost', port=8000): Max retries exceeded with url: /health (Caused by NewConnectionError('<urllib3.connection.HTTPConnection object at 0x00000227FCA33890>: Failed to establish a new connection: [WinError 10061] No connection could be made because the target machine actively refused it'))", "module": "app", "function": "<module>", "line": 68}
{"timestamp": "2026-06-14T10:54:31.980743+00:00", "level": "INFO", "logger": "core.database", "message": "Database initialized at C:\\Users\\lenovo\\AppData\\Local\\Temp\\aetherwatch_verify.db", "module": "database", "function": "init_db", "line": 102}
{"timestamp": "2026-06-14T10:54:31.995111+00:00", "level": "INFO", "logger": "core.database", "message": "Saved analysis 1 with 16 candidates", "module": "database", "function": "save_analysis", "line": 198}
{"timestamp": "2026-06-14T10:54:32.003903+00:00", "level": "INFO", "logger": "core.database", "message": "Database initialized at C:\\Users\\lenovo\\AppData\\Local\\Temp\\aetherwatch_verify.db", "module": "database", "function": "init_db", "line": 102}
{"timestamp": "2026-06-14T10:56:16.237659+00:00", "level": "INFO", "logger": "core.database", "message": "Database initialized at C:\\Users\\lenovo\\AppData\\Local\\Temp\\aetherwatch_verify.db", "module": "database", "function": "init_db", "line": 102}
{"timestamp": "2026-06-14T10:56:16.252407+00:00", "level": "INFO", "logger": "core.database", "message": "Saved analysis 1 with 16 candidates", "module": "database", "function": "save_analysis", "line": 198}
{"timestamp": "2026-06-14T10:56:16.260228+00:00", "level": "INFO", "logger": "core.database", "message": "Database initialized at C:\\Users\\lenovo\\AppData\\Local\\Temp\\aetherwatch_verify.db", "module": "database", "function": "init_db", "line": 102}
{"timestamp": "2026-06-14T10:57:17.146827+00:00", "level": "INFO", "logger": "core.database", "message": "Database initialized at D:\\baadal detection\\data\\aetherwatch_telemetry.db", "module": "database", "function": "init_db", "line": 102}
{"timestamp": "2026-06-14T10:57:17.154793+00:00", "level": "INFO", "logger": "core.database", "message": "Database initialized at D:\\baadal detection\\data\\aetherwatch_telemetry.db", "module": "database", "function": "init_db", "line": 102}
{"timestamp": "2026-06-14T10:57:17.351562+00:00", "level": "INFO", "logger": "core.database", "message": "Database initialized at D:\\baadal detection\\data\\aetherwatch_telemetry.db", "module": "database", "function": "init_db", "line": 102}
{"timestamp": "2026-06-14T10:57:27.076471+00:00", "level": "INFO", "logger": "core.database", "message": "Database initialized at D:\\baadal detection\\data\\aetherwatch_telemetry.db", "module": "database", "function": "init_db", "line": 102}
{"timestamp": "2026-06-14T10:57:27.086113+00:00", "level": "INFO", "logger": "core.database", "message": "Saved analysis 1 with 16 candidates", "module": "database", "function": "save_analysis", "line": 198}
{"timestamp": "2026-06-14T10:59:00.285575+00:00", "level": "INFO", "logger": "core.database", "message": "Database initialized at D:\\baadal detection\\data\\aetherwatch_telemetry.db", "module": "database", "function": "init_db", "line": 102}
{"timestamp": "2026-06-14T10:59:00.293584+00:00", "level": "INFO", "logger": "core.database", "message": "Database initialized at D:\\baadal detection\\data\\aetherwatch_telemetry.db", "module": "database", "function": "init_db", "line": 102}
{"timestamp": "2026-06-14T10:59:02.384291+00:00", "level": "INFO", "logger": "core.database", "message": "Database initialized at D:\\baadal detection\\data\\aetherwatch_telemetry.db", "module": "database", "function": "init_db", "line": 102}
{"timestamp": "2026-06-14T10:59:04.735595+00:00", "level": "INFO", "logger": "core.database", "message": "Database initialized at D:\\baadal detection\\data\\aetherwatch_telemetry.db", "module": "database", "function": "init_db", "line": 102}
{"timestamp": "2026-06-14T10:59:09.882983+00:00", "level": "ERROR", "logger": "backend.main", "message": "Unhandled API exception", "module": "main", "function": "general_exception_handler", "line": 188, "exception": "Traceback (most recent call last):\n  File \"D:\\baadal detection\\venv\\Lib\\site-packages\\starlette\\middleware\\errors.py\", line 164, in __call__\n    await self.app(scope, receive, _send)\n  File \"D:\\baadal detection\\venv\\Lib\\site-packages\\starlette\\middleware\\base.py\", line 191, in __call__\n    with recv_stream, send_stream, collapse_excgroups():\n                                   ~~~~~~~~~~~~~~~~~~^^\n  File \"C:\\Users\\lenovo\\AppData\\Local\\Programs\\Python\\Python313\\Lib\\contextlib.py\", line 162, in __exit__\n    self.gen.throw(value)\n    ~~~~~~~~~~~~~~^^^^^^^\n  File \"D:\\baadal detection\\venv\\Lib\\site-packages\\starlette\\_utils.py\", line 87, in collapse_excgroups\n    raise exc\n  File \"D:\\baadal detection\\venv\\Lib\\site-packages\\starlette\\middleware\\base.py\", line 193, in __call__\n    response = await self.dispatch_func(request, call_next)\n               ^^^^^^^^^^^^^^^^^^^^^^^^^^^^^^^^^^^^^^^^^^^^\n  File \"D:\\baadal detection\\backend\\rate_limit.py\", line 40, in dispatch\n    return await call_next(request)\n           ^^^^^^^^^^^^^^^^^^^^^^^^\n  File \"D:\\baadal detection\\venv\\Lib\\site-packages\\starlette\\middleware\\base.py\", line 168, in call_next\n    raise app_exc from app_exc.__cause__ or app_exc.__context__\n  File \"D:\\baadal detection\\venv\\Lib\\site-packages\\starlette\\middleware\\base.py\", line 144, in coro\n    await self.app(scope, receive_or_disconnect, send_no_error)\n  File \"D:\\baadal detection\\venv\\Lib\\site-packages\\starlette\\middleware\\cors.py\", line 88, in __call__\n    await self.app(scope, receive, send)\n  File \"D:\\baadal detection\\venv\\Lib\\site-packages\\starlette\\middleware\\exceptions.py\", line 63, in __call__\n    await wrap_app_handling_exceptions(self.app, conn)(scope, receive, send)\n  File \"D:\\baadal detection\\venv\\Lib\\site-packages\\starlette\\_exception_handler.py\", line 53, in wrapped_app\n    raise exc\n  File \"D:\\baadal detection\\venv\\Lib\\site-packages\\starlette\\_exception_handler.py\", line 42, in wrapped_app\n    await app(scope, receive, sender)\n  File \"D:\\baadal detection\\venv\\Lib\\site-packages\\fastapi\\middleware\\asyncexitstack.py\", line 18, in __call__\n    await self.app(scope, receive, send)\n  File \"D:\\baadal detection\\venv\\Lib\\site-packages\\starlette\\routing.py\", line 660, in __call__\n    await self.middleware_stack(scope, receive, send)\n  File \"D:\\baadal detection\\venv\\Lib\\site-packages\\starlette\\routing.py\", line 680, in app\n    await route.handle(scope, receive, send)\n  File \"D:\\baadal detection\\venv\\Lib\\site-packages\\starlette\\routing.py\", line 276, in handle\n    await self.app(scope, receive, send)\n  File \"D:\\baadal detection\\venv\\Lib\\site-packages\\fastapi\\routing.py\", line 134, in app\n    await wrap_app_handling_exceptions(app, request)(scope, receive, send)\n  File \"D:\\baadal detection\\venv\\Lib\\site-packages\\starlette\\_exception_handler.py\", line 53, in wrapped_app\n    raise exc\n  File \"D:\\baadal detection\\venv\\Lib\\site-packages\\starlette\\_exception_handler.py\", line 42, in wrapped_app\n    await app(scope, receive, sender)\n  File \"D:\\baadal detection\\venv\\Lib\\site-packages\\fastapi\\routing.py\", line 120, in app\n    response = await f(request)\n               ^^^^^^^^^^^^^^^^\n  File \"D:\\baadal detection\\venv\\Lib\\site-packages\\fastapi\\routing.py\", line 715, in app\n    response = actual_response_class(content, **response_args)\n  File \"D:\\baadal detection\\venv\\Lib\\site-packages\\starlette\\responses.py\", line 192, in __init__\n    super().__init__(content, status_code, headers, media_type, background)\n    ~~~~~~~~~~~~~~~~^^^^^^^^^^^^^^^^^^^^^^^^^^^^^^^^^^^^^^^^^^^^^^^^^^^^^^^\n  File \"D:\\baadal detection\\venv\\Lib\\site-packages\\starlette\\responses.py\", line 45, in __init__\n    self.body = self.render(content)\n                ~~~~~~~~~~~^^^^^^^^^\n  File \"D:\\baadal detection\\venv\\Lib\\site-packages\\starlette\\responses.py\", line 195, in render\n    return json.dumps(\n           ~~~~~~~~~~^\n        content,\n        ^^^^^^^^\n    ...<3 lines>...\n        separators=(\",\", \":\"),\n        ^^^^^^^^^^^^^^^^^^^^^^\n    ).encode(\"utf-8\")\n    ^\n  File \"C:\\Users\\lenovo\\AppData\\Local\\Programs\\Python\\Python313\\Lib\\json\\__init__.py\", line 238, in dumps\n    **kw).encode(obj)\n          ~~~~~~^^^^^\n  File \"C:\\Users\\lenovo\\AppData\\Local\\Programs\\Python\\Python313\\Lib\\json\\encoder.py\", line 200, in encode\n    chunks = self.iterencode(o, _one_shot=True)\n  File \"C:\\Users\\lenovo\\AppData\\Local\\Programs\\Python\\Python313\\Lib\\json\\encoder.py\", line 261, in iterencode\n    return _iterencode(o, 0)\nValueError: Out of range float values are not JSON compliant: nan"}
{"timestamp": "2026-06-14T10:59:12.834934+00:00", "level": "INFO", "logger": "core.database", "message": "Database initialized at D:\\baadal detection\\data\\aetherwatch_telemetry.db", "module": "database", "function": "init_db", "line": 102}
{"timestamp": "2026-06-14T10:59:13.866478+00:00", "level": "INFO", "logger": "core.database", "message": "Database initialized at D:\\baadal detection\\data\\aetherwatch_telemetry.db", "module": "database", "function": "init_db", "line": 102}
{"timestamp": "2026-06-14T10:59:13.875219+00:00", "level": "INFO", "logger": "core.database", "message": "Database initialized at D:\\baadal detection\\data\\aetherwatch_telemetry.db", "module": "database", "function": "init_db", "line": 102}
{"timestamp": "2026-06-14T10:59:15.959268+00:00", "level": "INFO", "logger": "core.database", "message": "Database initialized at D:\\baadal detection\\data\\aetherwatch_telemetry.db", "module": "database", "function": "init_db", "line": 102}
{"timestamp": "2026-06-14T10:59:17.164432+00:00", "level": "ERROR", "logger": "backend.main", "message": "Unhandled API exception", "module": "main", "function": "general_exception_handler", "line": 188, "exception": "Traceback (most recent call last):\n  File \"D:\\baadal detection\\venv\\Lib\\site-packages\\starlette\\middleware\\errors.py\", line 164, in __call__\n    await self.app(scope, receive, _send)\n  File \"D:\\baadal detection\\venv\\Lib\\site-packages\\starlette\\middleware\\base.py\", line 191, in __call__\n    with recv_stream, send_stream, collapse_excgroups():\n                                   ~~~~~~~~~~~~~~~~~~^^\n  File \"C:\\Users\\lenovo\\AppData\\Local\\Programs\\Python\\Python313\\Lib\\contextlib.py\", line 162, in __exit__\n    self.gen.throw(value)\n    ~~~~~~~~~~~~~~^^^^^^^\n  File \"D:\\baadal detection\\venv\\Lib\\site-packages\\starlette\\_utils.py\", line 87, in collapse_excgroups\n    raise exc\n  File \"D:\\baadal detection\\venv\\Lib\\site-packages\\starlette\\middleware\\base.py\", line 193, in __call__\n    response = await self.dispatch_func(request, call_next)\n               ^^^^^^^^^^^^^^^^^^^^^^^^^^^^^^^^^^^^^^^^^^^^\n  File \"D:\\baadal detection\\backend\\rate_limit.py\", line 40, in dispatch\n    return await call_next(request)\n           ^^^^^^^^^^^^^^^^^^^^^^^^\n  File \"D:\\baadal detection\\venv\\Lib\\site-packages\\starlette\\middleware\\base.py\", line 168, in call_next\n    raise app_exc from app_exc.__cause__ or app_exc.__context__\n  File \"D:\\baadal detection\\venv\\Lib\\site-packages\\starlette\\middleware\\base.py\", line 144, in coro\n    await self.app(scope, receive_or_disconnect, send_no_error)\n  File \"D:\\baadal detection\\venv\\Lib\\site-packages\\starlette\\middleware\\cors.py\", line 88, in __call__\n    await self.app(scope, receive, send)\n  File \"D:\\baadal detection\\venv\\Lib\\site-packages\\starlette\\middleware\\exceptions.py\", line 63, in __call__\n    await wrap_app_handling_exceptions(self.app, conn)(scope, receive, send)\n  File \"D:\\baadal detection\\venv\\Lib\\site-packages\\starlette\\_exception_handler.py\", line 53, in wrapped_app\n    raise exc\n  File \"D:\\baadal detection\\venv\\Lib\\site-packages\\starlette\\_exception_handler.py\", line 42, in wrapped_app\n    await app(scope, receive, sender)\n  File \"D:\\baadal detection\\venv\\Lib\\site-packages\\fastapi\\middleware\\asyncexitstack.py\", line 18, in __call__\n    await self.app(scope, receive, send)\n  File \"D:\\baadal detection\\venv\\Lib\\site-packages\\starlette\\routing.py\", line 660, in __call__\n    await self.middleware_stack(scope, receive, send)\n  File \"D:\\baadal detection\\venv\\Lib\\site-packages\\starlette\\routing.py\", line 680, in app\n    await route.handle(scope, receive, send)\n  File \"D:\\baadal detection\\venv\\Lib\\site-packages\\starlette\\routing.py\", line 276, in handle\n    await self.app(scope, receive, send)\n  File \"D:\\baadal detection\\venv\\Lib\\site-packages\\fastapi\\routing.py\", line 134, in app\n    await wrap_app_handling_exceptions(app, request)(scope, receive, send)\n  File \"D:\\baadal detection\\venv\\Lib\\site-packages\\starlette\\_exception_handler.py\", line 53, in wrapped_app\n    raise exc\n  File \"D:\\baadal detection\\venv\\Lib\\site-packages\\starlette\\_exception_handler.py\", line 42, in wrapped_app\n    await app(scope, receive, sender)\n  File \"D:\\baadal detection\\venv\\Lib\\site-packages\\fastapi\\routing.py\", line 120, in app\n    response = await f(request)\n               ^^^^^^^^^^^^^^^^\n  File \"D:\\baadal detection\\venv\\Lib\\site-packages\\fastapi\\routing.py\", line 715, in app\n    response = actual_response_class(content, **response_args)\n  File \"D:\\baadal detection\\venv\\Lib\\site-packages\\starlette\\responses.py\", line 192, in __init__\n    super().__init__(content, status_code, headers, media_type, background)\n    ~~~~~~~~~~~~~~~~^^^^^^^^^^^^^^^^^^^^^^^^^^^^^^^^^^^^^^^^^^^^^^^^^^^^^^^\n  File \"D:\\baadal detection\\venv\\Lib\\site-packages\\starlette\\responses.py\", line 45, in __init__\n    self.body = self.render(content)\n                ~~~~~~~~~~~^^^^^^^^^\n  File \"D:\\baadal detection\\venv\\Lib\\site-packages\\starlette\\responses.py\", line 195, in render\n    return json.dumps(\n           ~~~~~~~~~~^\n        content,\n        ^^^^^^^^\n    ...<3 lines>...\n        separators=(\",\", \":\"),\n        ^^^^^^^^^^^^^^^^^^^^^^\n    ).encode(\"utf-8\")\n    ^\n  File \"C:\\Users\\lenovo\\AppData\\Local\\Programs\\Python\\Python313\\Lib\\json\\__init__.py\", line 238, in dumps\n    **kw).encode(obj)\n          ~~~~~~^^^^^\n  File \"C:\\Users\\lenovo\\AppData\\Local\\Programs\\Python\\Python313\\Lib\\json\\encoder.py\", line 200, in encode\n    chunks = self.iterencode(o, _one_shot=True)\n  File \"C:\\Users\\lenovo\\AppData\\Local\\Programs\\Python\\Python313\\Lib\\json\\encoder.py\", line 261, in iterencode\n    return _iterencode(o, 0)\nValueError: Out of range float values are not JSON compliant: nan"}
{"timestamp": "2026-06-14T10:59:18.153938+00:00", "level": "INFO", "logger": "core.database", "message": "Database initialized at D:\\baadal detection\\data\\aetherwatch_telemetry.db", "module": "database", "function": "init_db", "line": 102}
{"timestamp": "2026-06-14T10:59:19.348489+00:00", "level": "INFO", "logger": "core.database", "message": "Database initialized at D:\\baadal detection\\data\\aetherwatch_telemetry.db", "module": "database", "function": "init_db", "line": 102}
{"timestamp": "2026-06-14T10:59:24.799407+00:00", "level": "ERROR", "logger": "backend.main", "message": "Unhandled API exception", "module": "main", "function": "general_exception_handler", "line": 188, "exception": "Traceback (most recent call last):\n  File \"D:\\baadal detection\\venv\\Lib\\site-packages\\starlette\\middleware\\errors.py\", line 164, in __call__\n    await self.app(scope, receive, _send)\n  File \"D:\\baadal detection\\venv\\Lib\\site-packages\\starlette\\middleware\\base.py\", line 191, in __call__\n    with recv_stream, send_stream, collapse_excgroups():\n                                   ~~~~~~~~~~~~~~~~~~^^\n  File \"C:\\Users\\lenovo\\AppData\\Local\\Programs\\Python\\Python313\\Lib\\contextlib.py\", line 162, in __exit__\n    self.gen.throw(value)\n    ~~~~~~~~~~~~~~^^^^^^^\n  File \"D:\\baadal detection\\venv\\Lib\\site-packages\\starlette\\_utils.py\", line 87, in collapse_excgroups\n    raise exc\n  File \"D:\\baadal detection\\venv\\Lib\\site-packages\\starlette\\middleware\\base.py\", line 193, in __call__\n    response = await self.dispatch_func(request, call_next)\n               ^^^^^^^^^^^^^^^^^^^^^^^^^^^^^^^^^^^^^^^^^^^^\n  File \"D:\\baadal detection\\backend\\rate_limit.py\", line 40, in dispatch\n    return await call_next(request)\n           ^^^^^^^^^^^^^^^^^^^^^^^^\n  File \"D:\\baadal detection\\venv\\Lib\\site-packages\\starlette\\middleware\\base.py\", line 168, in call_next\n    raise app_exc from app_exc.__cause__ or app_exc.__context__\n  File \"D:\\baadal detection\\venv\\Lib\\site-packages\\starlette\\middleware\\base.py\", line 144, in coro\n    await self.app(scope, receive_or_disconnect, send_no_error)\n  File \"D:\\baadal detection\\venv\\Lib\\site-packages\\starlette\\middleware\\cors.py\", line 88, in __call__\n    await self.app(scope, receive, send)\n  File \"D:\\baadal detection\\venv\\Lib\\site-packages\\starlette\\middleware\\exceptions.py\", line 63, in __call__\n    await wrap_app_handling_exceptions(self.app, conn)(scope, receive, send)\n  File \"D:\\baadal detection\\venv\\Lib\\site-packages\\starlette\\_exception_handler.py\", line 53, in wrapped_app\n    raise exc\n  File \"D:\\baadal detection\\venv\\Lib\\site-packages\\starlette\\_exception_handler.py\", line 42, in wrapped_app\n    await app(scope, receive, sender)\n  File \"D:\\baadal detection\\venv\\Lib\\site-packages\\fastapi\\middleware\\asyncexitstack.py\", line 18, in __call__\n    await self.app(scope, receive, send)\n  File \"D:\\baadal detection\\venv\\Lib\\site-packages\\starlette\\routing.py\", line 660, in __call__\n    await self.middleware_stack(scope, receive, send)\n  File \"D:\\baadal detection\\venv\\Lib\\site-packages\\starlette\\routing.py\", line 680, in app\n    await route.handle(scope, receive, send)\n  File \"D:\\baadal detection\\venv\\Lib\\site-packages\\starlette\\routing.py\", line 276, in handle\n    await self.app(scope, receive, send)\n  File \"D:\\baadal detection\\venv\\Lib\\site-packages\\fastapi\\routing.py\", line 134, in app\n    await wrap_app_handling_exceptions(app, request)(scope, receive, send)\n  File \"D:\\baadal detection\\venv\\Lib\\site-packages\\starlette\\_exception_handler.py\", line 53, in wrapped_app\n    raise exc\n  File \"D:\\baadal detection\\venv\\Lib\\site-packages\\starlette\\_exception_handler.py\", line 42, in wrapped_app\n    await app(scope, receive, sender)\n  File \"D:\\baadal detection\\venv\\Lib\\site-packages\\fastapi\\routing.py\", line 120, in app\n    response = await f(request)\n               ^^^^^^^^^^^^^^^^\n  File \"D:\\baadal detection\\venv\\Lib\\site-packages\\fastapi\\routing.py\", line 715, in app\n    response = actual_response_class(content, **response_args)\n  File \"D:\\baadal detection\\venv\\Lib\\site-packages\\starlette\\responses.py\", line 192, in __init__\n    super().__init__(content, status_code, headers, media_type, background)\n    ~~~~~~~~~~~~~~~~^^^^^^^^^^^^^^^^^^^^^^^^^^^^^^^^^^^^^^^^^^^^^^^^^^^^^^^\n  File \"D:\\baadal detection\\venv\\Lib\\site-packages\\starlette\\responses.py\", line 45, in __init__\n    self.body = self.render(content)\n                ~~~~~~~~~~~^^^^^^^^^\n  File \"D:\\baadal detection\\venv\\Lib\\site-packages\\starlette\\responses.py\", line 195, in render\n    return json.dumps(\n           ~~~~~~~~~~^\n        content,\n        ^^^^^^^^\n    ...<3 lines>...\n        separators=(\",\", \":\"),\n        ^^^^^^^^^^^^^^^^^^^^^^\n    ).encode(\"utf-8\")\n    ^\n  File \"C:\\Users\\lenovo\\AppData\\Local\\Programs\\Python\\Python313\\Lib\\json\\__init__.py\", line 238, in dumps\n    **kw).encode(obj)\n          ~~~~~~^^^^^\n  File \"C:\\Users\\lenovo\\AppData\\Local\\Programs\\Python\\Python313\\Lib\\json\\encoder.py\", line 200, in encode\n    chunks = self.iterencode(o, _one_shot=True)\n  File \"C:\\Users\\lenovo\\AppData\\Local\\Programs\\Python\\Python313\\Lib\\json\\encoder.py\", line 261, in iterencode\n    return _iterencode(o, 0)\nValueError: Out of range float values are not JSON compliant: nan"}
{"timestamp": "2026-06-14T10:59:26.058810+00:00", "level": "ERROR", "logger": "backend.main", "message": "Unhandled API exception", "module": "main", "function": "general_exception_handler", "line": 188, "exception": "Traceback (most recent call last):\n  File \"D:\\baadal detection\\venv\\Lib\\site-packages\\starlette\\middleware\\errors.py\", line 164, in __call__\n    await self.app(scope, receive, _send)\n  File \"D:\\baadal detection\\venv\\Lib\\site-packages\\starlette\\middleware\\base.py\", line 191, in __call__\n    with recv_stream, send_stream, collapse_excgroups():\n                                   ~~~~~~~~~~~~~~~~~~^^\n  File \"C:\\Users\\lenovo\\AppData\\Local\\Programs\\Python\\Python313\\Lib\\contextlib.py\", line 162, in __exit__\n    self.gen.throw(value)\n    ~~~~~~~~~~~~~~^^^^^^^\n  File \"D:\\baadal detection\\venv\\Lib\\site-packages\\starlette\\_utils.py\", line 87, in collapse_excgroups\n    raise exc\n  File \"D:\\baadal detection\\venv\\Lib\\site-packages\\starlette\\middleware\\base.py\", line 193, in __call__\n    response = await self.dispatch_func(request, call_next)\n               ^^^^^^^^^^^^^^^^^^^^^^^^^^^^^^^^^^^^^^^^^^^^\n  File \"D:\\baadal detection\\backend\\rate_limit.py\", line 40, in dispatch\n    return await call_next(request)\n           ^^^^^^^^^^^^^^^^^^^^^^^^\n  File \"D:\\baadal detection\\venv\\Lib\\site-packages\\starlette\\middleware\\base.py\", line 168, in call_next\n    raise app_exc from app_exc.__cause__ or app_exc.__context__\n  File \"D:\\baadal detection\\venv\\Lib\\site-packages\\starlette\\middleware\\base.py\", line 144, in coro\n    await self.app(scope, receive_or_disconnect, send_no_error)\n  File \"D:\\baadal detection\\venv\\Lib\\site-packages\\starlette\\middleware\\cors.py\", line 88, in __call__\n    await self.app(scope, receive, send)\n  File \"D:\\baadal detection\\venv\\Lib\\site-packages\\starlette\\middleware\\exceptions.py\", line 63, in __call__\n    await wrap_app_handling_exceptions(self.app, conn)(scope, receive, send)\n  File \"D:\\baadal detection\\venv\\Lib\\site-packages\\starlette\\_exception_handler.py\", line 53, in wrapped_app\n    raise exc\n  File \"D:\\baadal detection\\venv\\Lib\\site-packages\\starlette\\_exception_handler.py\", line 42, in wrapped_app\n    await app(scope, receive, sender)\n  File \"D:\\baadal detection\\venv\\Lib\\site-packages\\fastapi\\middleware\\asyncexitstack.py\", line 18, in __call__\n    await self.app(scope, receive, send)\n  File \"D:\\baadal detection\\venv\\Lib\\site-packages\\starlette\\routing.py\", line 660, in __call__\n    await self.middleware_stack(scope, receive, send)\n  File \"D:\\baadal detection\\venv\\Lib\\site-packages\\starlette\\routing.py\", line 680, in app\n    await route.handle(scope, receive, send)\n  File \"D:\\baadal detection\\venv\\Lib\\site-packages\\starlette\\routing.py\", line 276, in handle\n    await self.app(scope, receive, send)\n  File \"D:\\baadal detection\\venv\\Lib\\site-packages\\fastapi\\routing.py\", line 134, in app\n    await wrap_app_handling_exceptions(app, request)(scope, receive, send)\n  File \"D:\\baadal detection\\venv\\Lib\\site-packages\\starlette\\_exception_handler.py\", line 53, in wrapped_app\n    raise exc\n  File \"D:\\baadal detection\\venv\\Lib\\site-packages\\starlette\\_exception_handler.py\", line 42, in wrapped_app\n    await app(scope, receive, sender)\n  File \"D:\\baadal detection\\venv\\Lib\\site-packages\\fastapi\\routing.py\", line 120, in app\n    response = await f(request)\n               ^^^^^^^^^^^^^^^^\n  File \"D:\\baadal detection\\venv\\Lib\\site-packages\\fastapi\\routing.py\", line 715, in app\n    response = actual_response_class(content, **response_args)\n  File \"D:\\baadal detection\\venv\\Lib\\site-packages\\starlette\\responses.py\", line 192, in __init__\n    super().__init__(content, status_code, headers, media_type, background)\n    ~~~~~~~~~~~~~~~~^^^^^^^^^^^^^^^^^^^^^^^^^^^^^^^^^^^^^^^^^^^^^^^^^^^^^^^\n  File \"D:\\baadal detection\\venv\\Lib\\site-packages\\starlette\\responses.py\", line 45, in __init__\n    self.body = self.render(content)\n                ~~~~~~~~~~~^^^^^^^^^\n  File \"D:\\baadal detection\\venv\\Lib\\site-packages\\starlette\\responses.py\", line 195, in render\n    return json.dumps(\n           ~~~~~~~~~~^\n        content,\n        ^^^^^^^^\n    ...<3 lines>...\n        separators=(\",\", \":\"),\n        ^^^^^^^^^^^^^^^^^^^^^^\n    ).encode(\"utf-8\")\n    ^\n  File \"C:\\Users\\lenovo\\AppData\\Local\\Programs\\Python\\Python313\\Lib\\json\\__init__.py\", line 238, in dumps\n    **kw).encode(obj)\n          ~~~~~~^^^^^\n  File \"C:\\Users\\lenovo\\AppData\\Local\\Programs\\Python\\Python313\\Lib\\json\\encoder.py\", line 200, in encode\n    chunks = self.iterencode(o, _one_shot=True)\n  File \"C:\\Users\\lenovo\\AppData\\Local\\Programs\\Python\\Python313\\Lib\\json\\encoder.py\", line 261, in iterencode\n    return _iterencode(o, 0)\nValueError: Out of range float values are not JSON compliant: nan"}
{"timestamp": "2026-06-14T11:00:17.545488+00:00", "level": "INFO", "logger": "core.database", "message": "Database initialized at D:\\baadal detection\\data\\aetherwatch_telemetry.db", "module": "database", "function": "init_db", "line": 102}
{"timestamp": "2026-06-14T11:00:17.554068+00:00", "level": "INFO", "logger": "core.database", "message": "Database initialized at D:\\baadal detection\\data\\aetherwatch_telemetry.db", "module": "database", "function": "init_db", "line": 102}
{"timestamp": "2026-06-14T11:00:19.626635+00:00", "level": "INFO", "logger": "core.database", "message": "Database initialized at D:\\baadal detection\\data\\aetherwatch_telemetry.db", "module": "database", "function": "init_db", "line": 102}
{"timestamp": "2026-06-14T11:00:21.799019+00:00", "level": "INFO", "logger": "core.database", "message": "Database initialized at D:\\baadal detection\\data\\aetherwatch_telemetry.db", "module": "database", "function": "init_db", "line": 102}
{"timestamp": "2026-06-14T11:00:25.972976+00:00", "level": "ERROR", "logger": "backend.main", "message": "Unhandled API exception", "module": "main", "function": "general_exception_handler", "line": 188, "exception": "Traceback (most recent call last):\n  File \"D:\\baadal detection\\venv\\Lib\\site-packages\\starlette\\middleware\\errors.py\", line 164, in __call__\n    await self.app(scope, receive, _send)\n  File \"D:\\baadal detection\\venv\\Lib\\site-packages\\starlette\\middleware\\base.py\", line 191, in __call__\n    with recv_stream, send_stream, collapse_excgroups():\n                                   ~~~~~~~~~~~~~~~~~~^^\n  File \"C:\\Users\\lenovo\\AppData\\Local\\Programs\\Python\\Python313\\Lib\\contextlib.py\", line 162, in __exit__\n    self.gen.throw(value)\n    ~~~~~~~~~~~~~~^^^^^^^\n  File \"D:\\baadal detection\\venv\\Lib\\site-packages\\starlette\\_utils.py\", line 87, in collapse_excgroups\n    raise exc\n  File \"D:\\baadal detection\\venv\\Lib\\site-packages\\starlette\\middleware\\base.py\", line 193, in __call__\n    response = await self.dispatch_func(request, call_next)\n               ^^^^^^^^^^^^^^^^^^^^^^^^^^^^^^^^^^^^^^^^^^^^\n  File \"D:\\baadal detection\\backend\\rate_limit.py\", line 40, in dispatch\n    return await call_next(request)\n           ^^^^^^^^^^^^^^^^^^^^^^^^\n  File \"D:\\baadal detection\\venv\\Lib\\site-packages\\starlette\\middleware\\base.py\", line 168, in call_next\n    raise app_exc from app_exc.__cause__ or app_exc.__context__\n  File \"D:\\baadal detection\\venv\\Lib\\site-packages\\starlette\\middleware\\base.py\", line 144, in coro\n    await self.app(scope, receive_or_disconnect, send_no_error)\n  File \"D:\\baadal detection\\venv\\Lib\\site-packages\\starlette\\middleware\\cors.py\", line 88, in __call__\n    await self.app(scope, receive, send)\n  File \"D:\\baadal detection\\venv\\Lib\\site-packages\\starlette\\middleware\\exceptions.py\", line 63, in __call__\n    await wrap_app_handling_exceptions(self.app, conn)(scope, receive, send)\n  File \"D:\\baadal detection\\venv\\Lib\\site-packages\\starlette\\_exception_handler.py\", line 53, in wrapped_app\n    raise exc\n  File \"D:\\baadal detection\\venv\\Lib\\site-packages\\starlette\\_exception_handler.py\", line 42, in wrapped_app\n    await app(scope, receive, sender)\n  File \"D:\\baadal detection\\venv\\Lib\\site-packages\\fastapi\\middleware\\asyncexitstack.py\", line 18, in __call__\n    await self.app(scope, receive, send)\n  File \"D:\\baadal detection\\venv\\Lib\\site-packages\\starlette\\routing.py\", line 660, in __call__\n    await self.middleware_stack(scope, receive, send)\n  File \"D:\\baadal detection\\venv\\Lib\\site-packages\\starlette\\routing.py\", line 680, in app\n    await route.handle(scope, receive, send)\n  File \"D:\\baadal detection\\venv\\Lib\\site-packages\\starlette\\routing.py\", line 276, in handle\n    await self.app(scope, receive, send)\n  File \"D:\\baadal detection\\venv\\Lib\\site-packages\\fastapi\\routing.py\", line 134, in app\n    await wrap_app_handling_exceptions(app, request)(scope, receive, send)\n  File \"D:\\baadal detection\\venv\\Lib\\site-packages\\starlette\\_exception_handler.py\", line 53, in wrapped_app\n    raise exc\n  File \"D:\\baadal detection\\venv\\Lib\\site-packages\\starlette\\_exception_handler.py\", line 42, in wrapped_app\n    await app(scope, receive, sender)\n  File \"D:\\baadal detection\\venv\\Lib\\site-packages\\fastapi\\routing.py\", line 120, in app\n    response = await f(request)\n               ^^^^^^^^^^^^^^^^\n  File \"D:\\baadal detection\\venv\\Lib\\site-packages\\fastapi\\routing.py\", line 715, in app\n    response = actual_response_class(content, **response_args)\n  File \"D:\\baadal detection\\venv\\Lib\\site-packages\\starlette\\responses.py\", line 192, in __init__\n    super().__init__(content, status_code, headers, media_type, background)\n    ~~~~~~~~~~~~~~~~^^^^^^^^^^^^^^^^^^^^^^^^^^^^^^^^^^^^^^^^^^^^^^^^^^^^^^^\n  File \"D:\\baadal detection\\venv\\Lib\\site-packages\\starlette\\responses.py\", line 45, in __init__\n    self.body = self.render(content)\n                ~~~~~~~~~~~^^^^^^^^^\n  File \"D:\\baadal detection\\venv\\Lib\\site-packages\\starlette\\responses.py\", line 195, in render\n    return json.dumps(\n           ~~~~~~~~~~^\n        content,\n        ^^^^^^^^\n    ...<3 lines>...\n        separators=(\",\", \":\"),\n        ^^^^^^^^^^^^^^^^^^^^^^\n    ).encode(\"utf-8\")\n    ^\n  File \"C:\\Users\\lenovo\\AppData\\Local\\Programs\\Python\\Python313\\Lib\\json\\__init__.py\", line 238, in dumps\n    **kw).encode(obj)\n          ~~~~~~^^^^^\n  File \"C:\\Users\\lenovo\\AppData\\Local\\Programs\\Python\\Python313\\Lib\\json\\encoder.py\", line 200, in encode\n    chunks = self.iterencode(o, _one_shot=True)\n  File \"C:\\Users\\lenovo\\AppData\\Local\\Programs\\Python\\Python313\\Lib\\json\\encoder.py\", line 261, in iterencode\n    return _iterencode(o, 0)\nValueError: Out of range float values are not JSON compliant: nan"}
{"timestamp": "2026-06-14T11:00:28.183666+00:00", "level": "INFO", "logger": "core.database", "message": "Database initialized at D:\\baadal detection\\data\\aetherwatch_telemetry.db", "module": "database", "function": "init_db", "line": 102}
{"timestamp": "2026-06-14T11:00:31.928385+00:00", "level": "ERROR", "logger": "backend.main", "message": "Unhandled API exception", "module": "main", "function": "general_exception_handler", "line": 188, "exception": "Traceback (most recent call last):\n  File \"D:\\baadal detection\\venv\\Lib\\site-packages\\starlette\\middleware\\errors.py\", line 164, in __call__\n    await self.app(scope, receive, _send)\n  File \"D:\\baadal detection\\venv\\Lib\\site-packages\\starlette\\middleware\\base.py\", line 191, in __call__\n    with recv_stream, send_stream, collapse_excgroups():\n                                   ~~~~~~~~~~~~~~~~~~^^\n  File \"C:\\Users\\lenovo\\AppData\\Local\\Programs\\Python\\Python313\\Lib\\contextlib.py\", line 162, in __exit__\n    self.gen.throw(value)\n    ~~~~~~~~~~~~~~^^^^^^^\n  File \"D:\\baadal detection\\venv\\Lib\\site-packages\\starlette\\_utils.py\", line 87, in collapse_excgroups\n    raise exc\n  File \"D:\\baadal detection\\venv\\Lib\\site-packages\\starlette\\middleware\\base.py\", line 193, in __call__\n    response = await self.dispatch_func(request, call_next)\n               ^^^^^^^^^^^^^^^^^^^^^^^^^^^^^^^^^^^^^^^^^^^^\n  File \"D:\\baadal detection\\backend\\rate_limit.py\", line 40, in dispatch\n    return await call_next(request)\n           ^^^^^^^^^^^^^^^^^^^^^^^^\n  File \"D:\\baadal detection\\venv\\Lib\\site-packages\\starlette\\middleware\\base.py\", line 168, in call_next\n    raise app_exc from app_exc.__cause__ or app_exc.__context__\n  File \"D:\\baadal detection\\venv\\Lib\\site-packages\\starlette\\middleware\\base.py\", line 144, in coro\n    await self.app(scope, receive_or_disconnect, send_no_error)\n  File \"D:\\baadal detection\\venv\\Lib\\site-packages\\starlette\\middleware\\cors.py\", line 88, in __call__\n    await self.app(scope, receive, send)\n  File \"D:\\baadal detection\\venv\\Lib\\site-packages\\starlette\\middleware\\exceptions.py\", line 63, in __call__\n    await wrap_app_handling_exceptions(self.app, conn)(scope, receive, send)\n  File \"D:\\baadal detection\\venv\\Lib\\site-packages\\starlette\\_exception_handler.py\", line 53, in wrapped_app\n    raise exc\n  File \"D:\\baadal detection\\venv\\Lib\\site-packages\\starlette\\_exception_handler.py\", line 42, in wrapped_app\n    await app(scope, receive, sender)\n  File \"D:\\baadal detection\\venv\\Lib\\site-packages\\fastapi\\middleware\\asyncexitstack.py\", line 18, in __call__\n    await self.app(scope, receive, send)\n  File \"D:\\baadal detection\\venv\\Lib\\site-packages\\starlette\\routing.py\", line 660, in __call__\n    await self.middleware_stack(scope, receive, send)\n  File \"D:\\baadal detection\\venv\\Lib\\site-packages\\starlette\\routing.py\", line 680, in app\n    await route.handle(scope, receive, send)\n  File \"D:\\baadal detection\\venv\\Lib\\site-packages\\starlette\\routing.py\", line 276, in handle\n    await self.app(scope, receive, send)\n  File \"D:\\baadal detection\\venv\\Lib\\site-packages\\fastapi\\routing.py\", line 134, in app\n    await wrap_app_handling_exceptions(app, request)(scope, receive, send)\n  File \"D:\\baadal detection\\venv\\Lib\\site-packages\\starlette\\_exception_handler.py\", line 53, in wrapped_app\n    raise exc\n  File \"D:\\baadal detection\\venv\\Lib\\site-packages\\starlette\\_exception_handler.py\", line 42, in wrapped_app\n    await app(scope, receive, sender)\n  File \"D:\\baadal detection\\venv\\Lib\\site-packages\\fastapi\\routing.py\", line 120, in app\n    response = await f(request)\n               ^^^^^^^^^^^^^^^^\n  File \"D:\\baadal detection\\venv\\Lib\\site-packages\\fastapi\\routing.py\", line 715, in app\n    response = actual_response_class(content, **response_args)\n  File \"D:\\baadal detection\\venv\\Lib\\site-packages\\starlette\\responses.py\", line 192, in __init__\n    super().__init__(content, status_code, headers, media_type, background)\n    ~~~~~~~~~~~~~~~~^^^^^^^^^^^^^^^^^^^^^^^^^^^^^^^^^^^^^^^^^^^^^^^^^^^^^^^\n  File \"D:\\baadal detection\\venv\\Lib\\site-packages\\starlette\\responses.py\", line 45, in __init__\n    self.body = self.render(content)\n                ~~~~~~~~~~~^^^^^^^^^\n  File \"D:\\baadal detection\\venv\\Lib\\site-packages\\starlette\\responses.py\", line 195, in render\n    return json.dumps(\n           ~~~~~~~~~~^\n        content,\n        ^^^^^^^^\n    ...<3 lines>...\n        separators=(\",\", \":\"),\n        ^^^^^^^^^^^^^^^^^^^^^^\n    ).encode(\"utf-8\")\n    ^\n  File \"C:\\Users\\lenovo\\AppData\\Local\\Programs\\Python\\Python313\\Lib\\json\\__init__.py\", line 238, in dumps\n    **kw).encode(obj)\n          ~~~~~~^^^^^\n  File \"C:\\Users\\lenovo\\AppData\\Local\\Programs\\Python\\Python313\\Lib\\json\\encoder.py\", line 200, in encode\n    chunks = self.iterencode(o, _one_shot=True)\n  File \"C:\\Users\\lenovo\\AppData\\Local\\Programs\\Python\\Python313\\Lib\\json\\encoder.py\", line 261, in iterencode\n    return _iterencode(o, 0)\nValueError: Out of range float values are not JSON compliant: nan"}
{"timestamp": "2026-06-14T11:00:34.114487+00:00", "level": "INFO", "logger": "core.database", "message": "Database initialized at D:\\baadal detection\\data\\aetherwatch_telemetry.db", "module": "database", "function": "init_db", "line": 102}
{"timestamp": "2026-06-14T11:00:37.587831+00:00", "level": "ERROR", "logger": "backend.main", "message": "Unhandled API exception", "module": "main", "function": "general_exception_handler", "line": 188, "exception": "Traceback (most recent call last):\n  File \"D:\\baadal detection\\venv\\Lib\\site-packages\\starlette\\middleware\\errors.py\", line 164, in __call__\n    await self.app(scope, receive, _send)\n  File \"D:\\baadal detection\\venv\\Lib\\site-packages\\starlette\\middleware\\base.py\", line 191, in __call__\n    with recv_stream, send_stream, collapse_excgroups():\n                                   ~~~~~~~~~~~~~~~~~~^^\n  File \"C:\\Users\\lenovo\\AppData\\Local\\Programs\\Python\\Python313\\Lib\\contextlib.py\", line 162, in __exit__\n    self.gen.throw(value)\n    ~~~~~~~~~~~~~~^^^^^^^\n  File \"D:\\baadal detection\\venv\\Lib\\site-packages\\starlette\\_utils.py\", line 87, in collapse_excgroups\n    raise exc\n  File \"D:\\baadal detection\\venv\\Lib\\site-packages\\starlette\\middleware\\base.py\", line 193, in __call__\n    response = await self.dispatch_func(request, call_next)\n               ^^^^^^^^^^^^^^^^^^^^^^^^^^^^^^^^^^^^^^^^^^^^\n  File \"D:\\baadal detection\\backend\\rate_limit.py\", line 40, in dispatch\n    return await call_next(request)\n           ^^^^^^^^^^^^^^^^^^^^^^^^\n  File \"D:\\baadal detection\\venv\\Lib\\site-packages\\starlette\\middleware\\base.py\", line 168, in call_next\n    raise app_exc from app_exc.__cause__ or app_exc.__context__\n  File \"D:\\baadal detection\\venv\\Lib\\site-packages\\starlette\\middleware\\base.py\", line 144, in coro\n    await self.app(scope, receive_or_disconnect, send_no_error)\n  File \"D:\\baadal detection\\venv\\Lib\\site-packages\\starlette\\middleware\\cors.py\", line 88, in __call__\n    await self.app(scope, receive, send)\n  File \"D:\\baadal detection\\venv\\Lib\\site-packages\\starlette\\middleware\\exceptions.py\", line 63, in __call__\n    await wrap_app_handling_exceptions(self.app, conn)(scope, receive, send)\n  File \"D:\\baadal detection\\venv\\Lib\\site-packages\\starlette\\_exception_handler.py\", line 53, in wrapped_app\n    raise exc\n  File \"D:\\baadal detection\\venv\\Lib\\site-packages\\starlette\\_exception_handler.py\", line 42, in wrapped_app\n    await app(scope, receive, sender)\n  File \"D:\\baadal detection\\venv\\Lib\\site-packages\\fastapi\\middleware\\asyncexitstack.py\", line 18, in __call__\n    await self.app(scope, receive, send)\n  File \"D:\\baadal detection\\venv\\Lib\\site-packages\\starlette\\routing.py\", line 660, in __call__\n    await self.middleware_stack(scope, receive, send)\n  File \"D:\\baadal detection\\venv\\Lib\\site-packages\\starlette\\routing.py\", line 680, in app\n    await route.handle(scope, receive, send)\n  File \"D:\\baadal detection\\venv\\Lib\\site-packages\\starlette\\routing.py\", line 276, in handle\n    await self.app(scope, receive, send)\n  File \"D:\\baadal detection\\venv\\Lib\\site-packages\\fastapi\\routing.py\", line 134, in app\n    await wrap_app_handling_exceptions(app, request)(scope, receive, send)\n  File \"D:\\baadal detection\\venv\\Lib\\site-packages\\starlette\\_exception_handler.py\", line 53, in wrapped_app\n    raise exc\n  File \"D:\\baadal detection\\venv\\Lib\\site-packages\\starlette\\_exception_handler.py\", line 42, in wrapped_app\n    await app(scope, receive, sender)\n  File \"D:\\baadal detection\\venv\\Lib\\site-packages\\fastapi\\routing.py\", line 120, in app\n    response = await f(request)\n               ^^^^^^^^^^^^^^^^\n  File \"D:\\baadal detection\\venv\\Lib\\site-packages\\fastapi\\routing.py\", line 715, in app\n    response = actual_response_class(content, **response_args)\n  File \"D:\\baadal detection\\venv\\Lib\\site-packages\\starlette\\responses.py\", line 192, in __init__\n    super().__init__(content, status_code, headers, media_type, background)\n    ~~~~~~~~~~~~~~~~^^^^^^^^^^^^^^^^^^^^^^^^^^^^^^^^^^^^^^^^^^^^^^^^^^^^^^^\n  File \"D:\\baadal detection\\venv\\Lib\\site-packages\\starlette\\responses.py\", line 45, in __init__\n    self.body = self.render(content)\n                ~~~~~~~~~~~^^^^^^^^^\n  File \"D:\\baadal detection\\venv\\Lib\\site-packages\\starlette\\responses.py\", line 195, in render\n    return json.dumps(\n           ~~~~~~~~~~^\n        content,\n        ^^^^^^^^\n    ...<3 lines>...\n        separators=(\",\", \":\"),\n        ^^^^^^^^^^^^^^^^^^^^^^\n    ).encode(\"utf-8\")\n    ^\n  File \"C:\\Users\\lenovo\\AppData\\Local\\Programs\\Python\\Python313\\Lib\\json\\__init__.py\", line 238, in dumps\n    **kw).encode(obj)\n          ~~~~~~^^^^^\n  File \"C:\\Users\\lenovo\\AppData\\Local\\Programs\\Python\\Python313\\Lib\\json\\encoder.py\", line 200, in encode\n    chunks = self.iterencode(o, _one_shot=True)\n  File \"C:\\Users\\lenovo\\AppData\\Local\\Programs\\Python\\Python313\\Lib\\json\\encoder.py\", line 261, in iterencode\n    return _iterencode(o, 0)\nValueError: Out of range float values are not JSON compliant: nan"}
{"timestamp": "2026-06-14T11:02:29.051465+00:00", "level": "INFO", "logger": "core.database", "message": "Database initialized at D:\\baadal detection\\data\\aetherwatch_telemetry.db", "module": "database", "function": "init_db", "line": 102}
{"timestamp": "2026-06-14T11:02:29.064485+00:00", "level": "INFO", "logger": "core.database", "message": "Database initialized at D:\\baadal detection\\data\\aetherwatch_telemetry.db", "module": "database", "function": "init_db", "line": 102}
{"timestamp": "2026-06-14T11:02:31.199554+00:00", "level": "INFO", "logger": "core.database", "message": "Database initialized at D:\\baadal detection\\data\\aetherwatch_telemetry.db", "module": "database", "function": "init_db", "line": 102}
{"timestamp": "2026-06-14T11:02:33.601663+00:00", "level": "INFO", "logger": "core.database", "message": "Database initialized at D:\\baadal detection\\data\\aetherwatch_telemetry.db", "module": "database", "function": "init_db", "line": 102}
{"timestamp": "2026-06-14T11:02:38.015136+00:00", "level": "ERROR", "logger": "backend.main", "message": "Unhandled API exception", "module": "main", "function": "general_exception_handler", "line": 188, "exception": "Traceback (most recent call last):\n  File \"D:\\baadal detection\\venv\\Lib\\site-packages\\starlette\\middleware\\errors.py\", line 164, in __call__\n    await self.app(scope, receive, _send)\n  File \"D:\\baadal detection\\venv\\Lib\\site-packages\\starlette\\middleware\\base.py\", line 191, in __call__\n    with recv_stream, send_stream, collapse_excgroups():\n                                   ~~~~~~~~~~~~~~~~~~^^\n  File \"C:\\Users\\lenovo\\AppData\\Local\\Programs\\Python\\Python313\\Lib\\contextlib.py\", line 162, in __exit__\n    self.gen.throw(value)\n    ~~~~~~~~~~~~~~^^^^^^^\n  File \"D:\\baadal detection\\venv\\Lib\\site-packages\\starlette\\_utils.py\", line 87, in collapse_excgroups\n    raise exc\n  File \"D:\\baadal detection\\venv\\Lib\\site-packages\\starlette\\middleware\\base.py\", line 193, in __call__\n    response = await self.dispatch_func(request, call_next)\n               ^^^^^^^^^^^^^^^^^^^^^^^^^^^^^^^^^^^^^^^^^^^^\n  File \"D:\\baadal detection\\backend\\rate_limit.py\", line 40, in dispatch\n    return await call_next(request)\n           ^^^^^^^^^^^^^^^^^^^^^^^^\n  File \"D:\\baadal detection\\venv\\Lib\\site-packages\\starlette\\middleware\\base.py\", line 168, in call_next\n    raise app_exc from app_exc.__cause__ or app_exc.__context__\n  File \"D:\\baadal detection\\venv\\Lib\\site-packages\\starlette\\middleware\\base.py\", line 144, in coro\n    await self.app(scope, receive_or_disconnect, send_no_error)\n  File \"D:\\baadal detection\\venv\\Lib\\site-packages\\starlette\\middleware\\cors.py\", line 88, in __call__\n    await self.app(scope, receive, send)\n  File \"D:\\baadal detection\\venv\\Lib\\site-packages\\starlette\\middleware\\exceptions.py\", line 63, in __call__\n    await wrap_app_handling_exceptions(self.app, conn)(scope, receive, send)\n  File \"D:\\baadal detection\\venv\\Lib\\site-packages\\starlette\\_exception_handler.py\", line 53, in wrapped_app\n    raise exc\n  File \"D:\\baadal detection\\venv\\Lib\\site-packages\\starlette\\_exception_handler.py\", line 42, in wrapped_app\n    await app(scope, receive, sender)\n  File \"D:\\baadal detection\\venv\\Lib\\site-packages\\fastapi\\middleware\\asyncexitstack.py\", line 18, in __call__\n    await self.app(scope, receive, send)\n  File \"D:\\baadal detection\\venv\\Lib\\site-packages\\starlette\\routing.py\", line 660, in __call__\n    await self.middleware_stack(scope, receive, send)\n  File \"D:\\baadal detection\\venv\\Lib\\site-packages\\starlette\\routing.py\", line 680, in app\n    await route.handle(scope, receive, send)\n  File \"D:\\baadal detection\\venv\\Lib\\site-packages\\starlette\\routing.py\", line 276, in handle\n    await self.app(scope, receive, send)\n  File \"D:\\baadal detection\\venv\\Lib\\site-packages\\fastapi\\routing.py\", line 134, in app\n    await wrap_app_handling_exceptions(app, request)(scope, receive, send)\n  File \"D:\\baadal detection\\venv\\Lib\\site-packages\\starlette\\_exception_handler.py\", line 53, in wrapped_app\n    raise exc\n  File \"D:\\baadal detection\\venv\\Lib\\site-packages\\starlette\\_exception_handler.py\", line 42, in wrapped_app\n    await app(scope, receive, sender)\n  File \"D:\\baadal detection\\venv\\Lib\\site-packages\\fastapi\\routing.py\", line 120, in app\n    response = await f(request)\n               ^^^^^^^^^^^^^^^^\n  File \"D:\\baadal detection\\venv\\Lib\\site-packages\\fastapi\\routing.py\", line 715, in app\n    response = actual_response_class(content, **response_args)\n  File \"D:\\baadal detection\\venv\\Lib\\site-packages\\starlette\\responses.py\", line 192, in __init__\n    super().__init__(content, status_code, headers, media_type, background)\n    ~~~~~~~~~~~~~~~~^^^^^^^^^^^^^^^^^^^^^^^^^^^^^^^^^^^^^^^^^^^^^^^^^^^^^^^\n  File \"D:\\baadal detection\\venv\\Lib\\site-packages\\starlette\\responses.py\", line 45, in __init__\n    self.body = self.render(content)\n                ~~~~~~~~~~~^^^^^^^^^\n  File \"D:\\baadal detection\\venv\\Lib\\site-packages\\starlette\\responses.py\", line 195, in render\n    return json.dumps(\n           ~~~~~~~~~~^\n        content,\n        ^^^^^^^^\n    ...<3 lines>...\n        separators=(\",\", \":\"),\n        ^^^^^^^^^^^^^^^^^^^^^^\n    ).encode(\"utf-8\")\n    ^\n  File \"C:\\Users\\lenovo\\AppData\\Local\\Programs\\Python\\Python313\\Lib\\json\\__init__.py\", line 238, in dumps\n    **kw).encode(obj)\n          ~~~~~~^^^^^\n  File \"C:\\Users\\lenovo\\AppData\\Local\\Programs\\Python\\Python313\\Lib\\json\\encoder.py\", line 200, in encode\n    chunks = self.iterencode(o, _one_shot=True)\n  File \"C:\\Users\\lenovo\\AppData\\Local\\Programs\\Python\\Python313\\Lib\\json\\encoder.py\", line 261, in iterencode\n    return _iterencode(o, 0)\nValueError: Out of range float values are not JSON compliant: nan"}
{"timestamp": "2026-06-14T11:02:40.617228+00:00", "level": "INFO", "logger": "core.database", "message": "Database initialized at D:\\baadal detection\\data\\aetherwatch_telemetry.db", "module": "database", "function": "init_db", "line": 102}
{"timestamp": "2026-06-14T11:02:44.174331+00:00", "level": "ERROR", "logger": "backend.main", "message": "Unhandled API exception", "module": "main", "function": "general_exception_handler", "line": 188, "exception": "Traceback (most recent call last):\n  File \"D:\\baadal detection\\venv\\Lib\\site-packages\\starlette\\middleware\\errors.py\", line 164, in __call__\n    await self.app(scope, receive, _send)\n  File \"D:\\baadal detection\\venv\\Lib\\site-packages\\starlette\\middleware\\base.py\", line 191, in __call__\n    with recv_stream, send_stream, collapse_excgroups():\n                                   ~~~~~~~~~~~~~~~~~~^^\n  File \"C:\\Users\\lenovo\\AppData\\Local\\Programs\\Python\\Python313\\Lib\\contextlib.py\", line 162, in __exit__\n    self.gen.throw(value)\n    ~~~~~~~~~~~~~~^^^^^^^\n  File \"D:\\baadal detection\\venv\\Lib\\site-packages\\starlette\\_utils.py\", line 87, in collapse_excgroups\n    raise exc\n  File \"D:\\baadal detection\\venv\\Lib\\site-packages\\starlette\\middleware\\base.py\", line 193, in __call__\n    response = await self.dispatch_func(request, call_next)\n               ^^^^^^^^^^^^^^^^^^^^^^^^^^^^^^^^^^^^^^^^^^^^\n  File \"D:\\baadal detection\\backend\\rate_limit.py\", line 40, in dispatch\n    return await call_next(request)\n           ^^^^^^^^^^^^^^^^^^^^^^^^\n  File \"D:\\baadal detection\\venv\\Lib\\site-packages\\starlette\\middleware\\base.py\", line 168, in call_next\n    raise app_exc from app_exc.__cause__ or app_exc.__context__\n  File \"D:\\baadal detection\\venv\\Lib\\site-packages\\starlette\\middleware\\base.py\", line 144, in coro\n    await self.app(scope, receive_or_disconnect, send_no_error)\n  File \"D:\\baadal detection\\venv\\Lib\\site-packages\\starlette\\middleware\\cors.py\", line 88, in __call__\n    await self.app(scope, receive, send)\n  File \"D:\\baadal detection\\venv\\Lib\\site-packages\\starlette\\middleware\\exceptions.py\", line 63, in __call__\n    await wrap_app_handling_exceptions(self.app, conn)(scope, receive, send)\n  File \"D:\\baadal detection\\venv\\Lib\\site-packages\\starlette\\_exception_handler.py\", line 53, in wrapped_app\n    raise exc\n  File \"D:\\baadal detection\\venv\\Lib\\site-packages\\starlette\\_exception_handler.py\", line 42, in wrapped_app\n    await app(scope, receive, sender)\n  File \"D:\\baadal detection\\venv\\Lib\\site-packages\\fastapi\\middleware\\asyncexitstack.py\", line 18, in __call__\n    await self.app(scope, receive, send)\n  File \"D:\\baadal detection\\venv\\Lib\\site-packages\\starlette\\routing.py\", line 660, in __call__\n    await self.middleware_stack(scope, receive, send)\n  File \"D:\\baadal detection\\venv\\Lib\\site-packages\\starlette\\routing.py\", line 680, in app\n    await route.handle(scope, receive, send)\n  File \"D:\\baadal detection\\venv\\Lib\\site-packages\\starlette\\routing.py\", line 276, in handle\n    await self.app(scope, receive, send)\n  File \"D:\\baadal detection\\venv\\Lib\\site-packages\\fastapi\\routing.py\", line 134, in app\n    await wrap_app_handling_exceptions(app, request)(scope, receive, send)\n  File \"D:\\baadal detection\\venv\\Lib\\site-packages\\starlette\\_exception_handler.py\", line 53, in wrapped_app\n    raise exc\n  File \"D:\\baadal detection\\venv\\Lib\\site-packages\\starlette\\_exception_handler.py\", line 42, in wrapped_app\n    await app(scope, receive, sender)\n  File \"D:\\baadal detection\\venv\\Lib\\site-packages\\fastapi\\routing.py\", line 120, in app\n    response = await f(request)\n               ^^^^^^^^^^^^^^^^\n  File \"D:\\baadal detection\\venv\\Lib\\site-packages\\fastapi\\routing.py\", line 715, in app\n    response = actual_response_class(content, **response_args)\n  File \"D:\\baadal detection\\venv\\Lib\\site-packages\\starlette\\responses.py\", line 192, in __init__\n    super().__init__(content, status_code, headers, media_type, background)\n    ~~~~~~~~~~~~~~~~^^^^^^^^^^^^^^^^^^^^^^^^^^^^^^^^^^^^^^^^^^^^^^^^^^^^^^^\n  File \"D:\\baadal detection\\venv\\Lib\\site-packages\\starlette\\responses.py\", line 45, in __init__\n    self.body = self.render(content)\n                ~~~~~~~~~~~^^^^^^^^^\n  File \"D:\\baadal detection\\venv\\Lib\\site-packages\\starlette\\responses.py\", line 195, in render\n    return json.dumps(\n           ~~~~~~~~~~^\n        content,\n        ^^^^^^^^\n    ...<3 lines>...\n        separators=(\",\", \":\"),\n        ^^^^^^^^^^^^^^^^^^^^^^\n    ).encode(\"utf-8\")\n    ^\n  File \"C:\\Users\\lenovo\\AppData\\Local\\Programs\\Python\\Python313\\Lib\\json\\__init__.py\", line 238, in dumps\n    **kw).encode(obj)\n          ~~~~~~^^^^^\n  File \"C:\\Users\\lenovo\\AppData\\Local\\Programs\\Python\\Python313\\Lib\\json\\encoder.py\", line 200, in encode\n    chunks = self.iterencode(o, _one_shot=True)\n  File \"C:\\Users\\lenovo\\AppData\\Local\\Programs\\Python\\Python313\\Lib\\json\\encoder.py\", line 261, in iterencode\n    return _iterencode(o, 0)\nValueError: Out of range float values are not JSON compliant: nan"}
{"timestamp": "2026-06-14T11:02:46.376675+00:00", "level": "INFO", "logger": "core.database", "message": "Database initialized at D:\\baadal detection\\data\\aetherwatch_telemetry.db", "module": "database", "function": "init_db", "line": 102}
{"timestamp": "2026-06-14T11:02:48.887271+00:00", "level": "INFO", "logger": "core.database", "message": "Database initialized at D:\\baadal detection\\data\\aetherwatch_telemetry.db", "module": "database", "function": "init_db", "line": 102}
{"timestamp": "2026-06-14T11:02:48.895750+00:00", "level": "INFO", "logger": "core.database", "message": "Database initialized at D:\\baadal detection\\data\\aetherwatch_telemetry.db", "module": "database", "function": "init_db", "line": 102}
{"timestamp": "2026-06-14T11:02:50.064926+00:00", "level": "ERROR", "logger": "backend.main", "message": "Unhandled API exception", "module": "main", "function": "general_exception_handler", "line": 188, "exception": "Traceback (most recent call last):\n  File \"D:\\baadal detection\\venv\\Lib\\site-packages\\starlette\\middleware\\errors.py\", line 164, in __call__\n    await self.app(scope, receive, _send)\n  File \"D:\\baadal detection\\venv\\Lib\\site-packages\\starlette\\middleware\\base.py\", line 191, in __call__\n    with recv_stream, send_stream, collapse_excgroups():\n                                   ~~~~~~~~~~~~~~~~~~^^\n  File \"C:\\Users\\lenovo\\AppData\\Local\\Programs\\Python\\Python313\\Lib\\contextlib.py\", line 162, in __exit__\n    self.gen.throw(value)\n    ~~~~~~~~~~~~~~^^^^^^^\n  File \"D:\\baadal detection\\venv\\Lib\\site-packages\\starlette\\_utils.py\", line 87, in collapse_excgroups\n    raise exc\n  File \"D:\\baadal detection\\venv\\Lib\\site-packages\\starlette\\middleware\\base.py\", line 193, in __call__\n    response = await self.dispatch_func(request, call_next)\n               ^^^^^^^^^^^^^^^^^^^^^^^^^^^^^^^^^^^^^^^^^^^^\n  File \"D:\\baadal detection\\backend\\rate_limit.py\", line 40, in dispatch\n    return await call_next(request)\n           ^^^^^^^^^^^^^^^^^^^^^^^^\n  File \"D:\\baadal detection\\venv\\Lib\\site-packages\\starlette\\middleware\\base.py\", line 168, in call_next\n    raise app_exc from app_exc.__cause__ or app_exc.__context__\n  File \"D:\\baadal detection\\venv\\Lib\\site-packages\\starlette\\middleware\\base.py\", line 144, in coro\n    await self.app(scope, receive_or_disconnect, send_no_error)\n  File \"D:\\baadal detection\\venv\\Lib\\site-packages\\starlette\\middleware\\cors.py\", line 88, in __call__\n    await self.app(scope, receive, send)\n  File \"D:\\baadal detection\\venv\\Lib\\site-packages\\starlette\\middleware\\exceptions.py\", line 63, in __call__\n    await wrap_app_handling_exceptions(self.app, conn)(scope, receive, send)\n  File \"D:\\baadal detection\\venv\\Lib\\site-packages\\starlette\\_exception_handler.py\", line 53, in wrapped_app\n    raise exc\n  File \"D:\\baadal detection\\venv\\Lib\\site-packages\\starlette\\_exception_handler.py\", line 42, in wrapped_app\n    await app(scope, receive, sender)\n  File \"D:\\baadal detection\\venv\\Lib\\site-packages\\fastapi\\middleware\\asyncexitstack.py\", line 18, in __call__\n    await self.app(scope, receive, send)\n  File \"D:\\baadal detection\\venv\\Lib\\site-packages\\starlette\\routing.py\", line 660, in __call__\n    await self.middleware_stack(scope, receive, send)\n  File \"D:\\baadal detection\\venv\\Lib\\site-packages\\starlette\\routing.py\", line 680, in app\n    await route.handle(scope, receive, send)\n  File \"D:\\baadal detection\\venv\\Lib\\site-packages\\starlette\\routing.py\", line 276, in handle\n    await self.app(scope, receive, send)\n  File \"D:\\baadal detection\\venv\\Lib\\site-packages\\fastapi\\routing.py\", line 134, in app\n    await wrap_app_handling_exceptions(app, request)(scope, receive, send)\n  File \"D:\\baadal detection\\venv\\Lib\\site-packages\\starlette\\_exception_handler.py\", line 53, in wrapped_app\n    raise exc\n  File \"D:\\baadal detection\\venv\\Lib\\site-packages\\starlette\\_exception_handler.py\", line 42, in wrapped_app\n    await app(scope, receive, sender)\n  File \"D:\\baadal detection\\venv\\Lib\\site-packages\\fastapi\\routing.py\", line 120, in app\n    response = await f(request)\n               ^^^^^^^^^^^^^^^^\n  File \"D:\\baadal detection\\venv\\Lib\\site-packages\\fastapi\\routing.py\", line 715, in app\n    response = actual_response_class(content, **response_args)\n  File \"D:\\baadal detection\\venv\\Lib\\site-packages\\starlette\\responses.py\", line 192, in __init__\n    super().__init__(content, status_code, headers, media_type, background)\n    ~~~~~~~~~~~~~~~~^^^^^^^^^^^^^^^^^^^^^^^^^^^^^^^^^^^^^^^^^^^^^^^^^^^^^^^\n  File \"D:\\baadal detection\\venv\\Lib\\site-packages\\starlette\\responses.py\", line 45, in __init__\n    self.body = self.render(content)\n                ~~~~~~~~~~~^^^^^^^^^\n  File \"D:\\baadal detection\\venv\\Lib\\site-packages\\starlette\\responses.py\", line 195, in render\n    return json.dumps(\n           ~~~~~~~~~~^\n        content,\n        ^^^^^^^^\n    ...<3 lines>...\n        separators=(\",\", \":\"),\n        ^^^^^^^^^^^^^^^^^^^^^^\n    ).encode(\"utf-8\")\n    ^\n  File \"C:\\Users\\lenovo\\AppData\\Local\\Programs\\Python\\Python313\\Lib\\json\\__init__.py\", line 238, in dumps\n    **kw).encode(obj)\n          ~~~~~~^^^^^\n  File \"C:\\Users\\lenovo\\AppData\\Local\\Programs\\Python\\Python313\\Lib\\json\\encoder.py\", line 200, in encode\n    chunks = self.iterencode(o, _one_shot=True)\n  File \"C:\\Users\\lenovo\\AppData\\Local\\Programs\\Python\\Python313\\Lib\\json\\encoder.py\", line 261, in iterencode\n    return _iterencode(o, 0)\nValueError: Out of range float values are not JSON compliant: nan"}
{"timestamp": "2026-06-14T11:02:50.954784+00:00", "level": "INFO", "logger": "core.database", "message": "Database initialized at D:\\baadal detection\\data\\aetherwatch_telemetry.db", "module": "database", "function": "init_db", "line": 102}
{"timestamp": "2026-06-14T11:02:52.236481+00:00", "level": "INFO", "logger": "core.database", "message": "Database initialized at D:\\baadal detection\\data\\aetherwatch_telemetry.db", "module": "database", "function": "init_db", "line": 102}
{"timestamp": "2026-06-14T11:02:53.101527+00:00", "level": "INFO", "logger": "core.database", "message": "Database initialized at D:\\baadal detection\\data\\aetherwatch_telemetry.db", "module": "database", "function": "init_db", "line": 102}
{"timestamp": "2026-06-14T11:02:56.856171+00:00", "level": "ERROR", "logger": "backend.main", "message": "Unhandled API exception", "module": "main", "function": "general_exception_handler", "line": 188, "exception": "Traceback (most recent call last):\n  File \"D:\\baadal detection\\venv\\Lib\\site-packages\\starlette\\middleware\\errors.py\", line 164, in __call__\n    await self.app(scope, receive, _send)\n  File \"D:\\baadal detection\\venv\\Lib\\site-packages\\starlette\\middleware\\base.py\", line 191, in __call__\n    with recv_stream, send_stream, collapse_excgroups():\n                                   ~~~~~~~~~~~~~~~~~~^^\n  File \"C:\\Users\\lenovo\\AppData\\Local\\Programs\\Python\\Python313\\Lib\\contextlib.py\", line 162, in __exit__\n    self.gen.throw(value)\n    ~~~~~~~~~~~~~~^^^^^^^\n  File \"D:\\baadal detection\\venv\\Lib\\site-packages\\starlette\\_utils.py\", line 87, in collapse_excgroups\n    raise exc\n  File \"D:\\baadal detection\\venv\\Lib\\site-packages\\starlette\\middleware\\base.py\", line 193, in __call__\n    response = await self.dispatch_func(request, call_next)\n               ^^^^^^^^^^^^^^^^^^^^^^^^^^^^^^^^^^^^^^^^^^^^\n  File \"D:\\baadal detection\\backend\\rate_limit.py\", line 40, in dispatch\n    return await call_next(request)\n           ^^^^^^^^^^^^^^^^^^^^^^^^\n  File \"D:\\baadal detection\\venv\\Lib\\site-packages\\starlette\\middleware\\base.py\", line 168, in call_next\n    raise app_exc from app_exc.__cause__ or app_exc.__context__\n  File \"D:\\baadal detection\\venv\\Lib\\site-packages\\starlette\\middleware\\base.py\", line 144, in coro\n    await self.app(scope, receive_or_disconnect, send_no_error)\n  File \"D:\\baadal detection\\venv\\Lib\\site-packages\\starlette\\middleware\\cors.py\", line 88, in __call__\n    await self.app(scope, receive, send)\n  File \"D:\\baadal detection\\venv\\Lib\\site-packages\\starlette\\middleware\\exceptions.py\", line 63, in __call__\n    await wrap_app_handling_exceptions(self.app, conn)(scope, receive, send)\n  File \"D:\\baadal detection\\venv\\Lib\\site-packages\\starlette\\_exception_handler.py\", line 53, in wrapped_app\n    raise exc\n  File \"D:\\baadal detection\\venv\\Lib\\site-packages\\starlette\\_exception_handler.py\", line 42, in wrapped_app\n    await app(scope, receive, sender)\n  File \"D:\\baadal detection\\venv\\Lib\\site-packages\\fastapi\\middleware\\asyncexitstack.py\", line 18, in __call__\n    await self.app(scope, receive, send)\n  File \"D:\\baadal detection\\venv\\Lib\\site-packages\\starlette\\routing.py\", line 660, in __call__\n    await self.middleware_stack(scope, receive, send)\n  File \"D:\\baadal detection\\venv\\Lib\\site-packages\\starlette\\routing.py\", line 680, in app\n    await route.handle(scope, receive, send)\n  File \"D:\\baadal detection\\venv\\Lib\\site-packages\\starlette\\routing.py\", line 276, in handle\n    await self.app(scope, receive, send)\n  File \"D:\\baadal detection\\venv\\Lib\\site-packages\\fastapi\\routing.py\", line 134, in app\n    await wrap_app_handling_exceptions(app, request)(scope, receive, send)\n  File \"D:\\baadal detection\\venv\\Lib\\site-packages\\starlette\\_exception_handler.py\", line 53, in wrapped_app\n    raise exc\n  File \"D:\\baadal detection\\venv\\Lib\\site-packages\\starlette\\_exception_handler.py\", line 42, in wrapped_app\n    await app(scope, receive, sender)\n  File \"D:\\baadal detection\\venv\\Lib\\site-packages\\fastapi\\routing.py\", line 120, in app\n    response = await f(request)\n               ^^^^^^^^^^^^^^^^\n  File \"D:\\baadal detection\\venv\\Lib\\site-packages\\fastapi\\routing.py\", line 715, in app\n    response = actual_response_class(content, **response_args)\n  File \"D:\\baadal detection\\venv\\Lib\\site-packages\\starlette\\responses.py\", line 192, in __init__\n    super().__init__(content, status_code, headers, media_type, background)\n    ~~~~~~~~~~~~~~~~^^^^^^^^^^^^^^^^^^^^^^^^^^^^^^^^^^^^^^^^^^^^^^^^^^^^^^^\n  File \"D:\\baadal detection\\venv\\Lib\\site-packages\\starlette\\responses.py\", line 45, in __init__\n    self.body = self.render(content)\n                ~~~~~~~~~~~^^^^^^^^^\n  File \"D:\\baadal detection\\venv\\Lib\\site-packages\\starlette\\responses.py\", line 195, in render\n    return json.dumps(\n           ~~~~~~~~~~^\n        content,\n        ^^^^^^^^\n    ...<3 lines>...\n        separators=(\",\", \":\"),\n        ^^^^^^^^^^^^^^^^^^^^^^\n    ).encode(\"utf-8\")\n    ^\n  File \"C:\\Users\\lenovo\\AppData\\Local\\Programs\\Python\\Python313\\Lib\\json\\__init__.py\", line 238, in dumps\n    **kw).encode(obj)\n          ~~~~~~^^^^^\n  File \"C:\\Users\\lenovo\\AppData\\Local\\Programs\\Python\\Python313\\Lib\\json\\encoder.py\", line 200, in encode\n    chunks = self.iterencode(o, _one_shot=True)\n  File \"C:\\Users\\lenovo\\AppData\\Local\\Programs\\Python\\Python313\\Lib\\json\\encoder.py\", line 261, in iterencode\n    return _iterencode(o, 0)\nValueError: Out of range float values are not JSON compliant: nan"}
{"timestamp": "2026-06-14T11:02:57.991950+00:00", "level": "ERROR", "logger": "backend.main", "message": "Unhandled API exception", "module": "main", "function": "general_exception_handler", "line": 188, "exception": "Traceback (most recent call last):\n  File \"D:\\baadal detection\\venv\\Lib\\site-packages\\starlette\\middleware\\errors.py\", line 164, in __call__\n    await self.app(scope, receive, _send)\n  File \"D:\\baadal detection\\venv\\Lib\\site-packages\\starlette\\middleware\\base.py\", line 191, in __call__\n    with recv_stream, send_stream, collapse_excgroups():\n                                   ~~~~~~~~~~~~~~~~~~^^\n  File \"C:\\Users\\lenovo\\AppData\\Local\\Programs\\Python\\Python313\\Lib\\contextlib.py\", line 162, in __exit__\n    self.gen.throw(value)\n    ~~~~~~~~~~~~~~^^^^^^^\n  File \"D:\\baadal detection\\venv\\Lib\\site-packages\\starlette\\_utils.py\", line 87, in collapse_excgroups\n    raise exc\n  File \"D:\\baadal detection\\venv\\Lib\\site-packages\\starlette\\middleware\\base.py\", line 193, in __call__\n    response = await self.dispatch_func(request, call_next)\n               ^^^^^^^^^^^^^^^^^^^^^^^^^^^^^^^^^^^^^^^^^^^^\n  File \"D:\\baadal detection\\backend\\rate_limit.py\", line 40, in dispatch\n    return await call_next(request)\n           ^^^^^^^^^^^^^^^^^^^^^^^^\n  File \"D:\\baadal detection\\venv\\Lib\\site-packages\\starlette\\middleware\\base.py\", line 168, in call_next\n    raise app_exc from app_exc.__cause__ or app_exc.__context__\n  File \"D:\\baadal detection\\venv\\Lib\\site-packages\\starlette\\middleware\\base.py\", line 144, in coro\n    await self.app(scope, receive_or_disconnect, send_no_error)\n  File \"D:\\baadal detection\\venv\\Lib\\site-packages\\starlette\\middleware\\cors.py\", line 88, in __call__\n    await self.app(scope, receive, send)\n  File \"D:\\baadal detection\\venv\\Lib\\site-packages\\starlette\\middleware\\exceptions.py\", line 63, in __call__\n    await wrap_app_handling_exceptions(self.app, conn)(scope, receive, send)\n  File \"D:\\baadal detection\\venv\\Lib\\site-packages\\starlette\\_exception_handler.py\", line 53, in wrapped_app\n    raise exc\n  File \"D:\\baadal detection\\venv\\Lib\\site-packages\\starlette\\_exception_handler.py\", line 42, in wrapped_app\n    await app(scope, receive, sender)\n  File \"D:\\baadal detection\\venv\\Lib\\site-packages\\fastapi\\middleware\\asyncexitstack.py\", line 18, in __call__\n    await self.app(scope, receive, send)\n  File \"D:\\baadal detection\\venv\\Lib\\site-packages\\starlette\\routing.py\", line 660, in __call__\n    await self.middleware_stack(scope, receive, send)\n  File \"D:\\baadal detection\\venv\\Lib\\site-packages\\starlette\\routing.py\", line 680, in app\n    await route.handle(scope, receive, send)\n  File \"D:\\baadal detection\\venv\\Lib\\site-packages\\starlette\\routing.py\", line 276, in handle\n    await self.app(scope, receive, send)\n  File \"D:\\baadal detection\\venv\\Lib\\site-packages\\fastapi\\routing.py\", line 134, in app\n    await wrap_app_handling_exceptions(app, request)(scope, receive, send)\n  File \"D:\\baadal detection\\venv\\Lib\\site-packages\\starlette\\_exception_handler.py\", line 53, in wrapped_app\n    raise exc\n  File \"D:\\baadal detection\\venv\\Lib\\site-packages\\starlette\\_exception_handler.py\", line 42, in wrapped_app\n    await app(scope, receive, sender)\n  File \"D:\\baadal detection\\venv\\Lib\\site-packages\\fastapi\\routing.py\", line 120, in app\n    response = await f(request)\n               ^^^^^^^^^^^^^^^^\n  File \"D:\\baadal detection\\venv\\Lib\\site-packages\\fastapi\\routing.py\", line 715, in app\n    response = actual_response_class(content, **response_args)\n  File \"D:\\baadal detection\\venv\\Lib\\site-packages\\starlette\\responses.py\", line 192, in __init__\n    super().__init__(content, status_code, headers, media_type, background)\n    ~~~~~~~~~~~~~~~~^^^^^^^^^^^^^^^^^^^^^^^^^^^^^^^^^^^^^^^^^^^^^^^^^^^^^^^\n  File \"D:\\baadal detection\\venv\\Lib\\site-packages\\starlette\\responses.py\", line 45, in __init__\n    self.body = self.render(content)\n                ~~~~~~~~~~~^^^^^^^^^\n  File \"D:\\baadal detection\\venv\\Lib\\site-packages\\starlette\\responses.py\", line 195, in render\n    return json.dumps(\n           ~~~~~~~~~~^\n        content,\n        ^^^^^^^^\n    ...<3 lines>...\n        separators=(\",\", \":\"),\n        ^^^^^^^^^^^^^^^^^^^^^^\n    ).encode(\"utf-8\")\n    ^\n  File \"C:\\Users\\lenovo\\AppData\\Local\\Programs\\Python\\Python313\\Lib\\json\\__init__.py\", line 238, in dumps\n    **kw).encode(obj)\n          ~~~~~~^^^^^\n  File \"C:\\Users\\lenovo\\AppData\\Local\\Programs\\Python\\Python313\\Lib\\json\\encoder.py\", line 200, in encode\n    chunks = self.iterencode(o, _one_shot=True)\n  File \"C:\\Users\\lenovo\\AppData\\Local\\Programs\\Python\\Python313\\Lib\\json\\encoder.py\", line 261, in iterencode\n    return _iterencode(o, 0)\nValueError: Out of range float values are not JSON compliant: nan"}
{"timestamp": "2026-06-14T11:02:59.136918+00:00", "level": "INFO", "logger": "core.database", "message": "Database initialized at D:\\baadal detection\\data\\aetherwatch_telemetry.db", "module": "database", "function": "init_db", "line": 102}
{"timestamp": "2026-06-14T11:03:02.435385+00:00", "level": "ERROR", "logger": "backend.main", "message": "Unhandled API exception", "module": "main", "function": "general_exception_handler", "line": 188, "exception": "Traceback (most recent call last):\n  File \"D:\\baadal detection\\venv\\Lib\\site-packages\\starlette\\middleware\\errors.py\", line 164, in __call__\n    await self.app(scope, receive, _send)\n  File \"D:\\baadal detection\\venv\\Lib\\site-packages\\starlette\\middleware\\base.py\", line 191, in __call__\n    with recv_stream, send_stream, collapse_excgroups():\n                                   ~~~~~~~~~~~~~~~~~~^^\n  File \"C:\\Users\\lenovo\\AppData\\Local\\Programs\\Python\\Python313\\Lib\\contextlib.py\", line 162, in __exit__\n    self.gen.throw(value)\n    ~~~~~~~~~~~~~~^^^^^^^\n  File \"D:\\baadal detection\\venv\\Lib\\site-packages\\starlette\\_utils.py\", line 87, in collapse_excgroups\n    raise exc\n  File \"D:\\baadal detection\\venv\\Lib\\site-packages\\starlette\\middleware\\base.py\", line 193, in __call__\n    response = await self.dispatch_func(request, call_next)\n               ^^^^^^^^^^^^^^^^^^^^^^^^^^^^^^^^^^^^^^^^^^^^\n  File \"D:\\baadal detection\\backend\\rate_limit.py\", line 40, in dispatch\n    return await call_next(request)\n           ^^^^^^^^^^^^^^^^^^^^^^^^\n  File \"D:\\baadal detection\\venv\\Lib\\site-packages\\starlette\\middleware\\base.py\", line 168, in call_next\n    raise app_exc from app_exc.__cause__ or app_exc.__context__\n  File \"D:\\baadal detection\\venv\\Lib\\site-packages\\starlette\\middleware\\base.py\", line 144, in coro\n    await self.app(scope, receive_or_disconnect, send_no_error)\n  File \"D:\\baadal detection\\venv\\Lib\\site-packages\\starlette\\middleware\\cors.py\", line 88, in __call__\n    await self.app(scope, receive, send)\n  File \"D:\\baadal detection\\venv\\Lib\\site-packages\\starlette\\middleware\\exceptions.py\", line 63, in __call__\n    await wrap_app_handling_exceptions(self.app, conn)(scope, receive, send)\n  File \"D:\\baadal detection\\venv\\Lib\\site-packages\\starlette\\_exception_handler.py\", line 53, in wrapped_app\n    raise exc\n  File \"D:\\baadal detection\\venv\\Lib\\site-packages\\starlette\\_exception_handler.py\", line 42, in wrapped_app\n    await app(scope, receive, sender)\n  File \"D:\\baadal detection\\venv\\Lib\\site-packages\\fastapi\\middleware\\asyncexitstack.py\", line 18, in __call__\n    await self.app(scope, receive, send)\n  File \"D:\\baadal detection\\venv\\Lib\\site-packages\\starlette\\routing.py\", line 660, in __call__\n    await self.middleware_stack(scope, receive, send)\n  File \"D:\\baadal detection\\venv\\Lib\\site-packages\\starlette\\routing.py\", line 680, in app\n    await route.handle(scope, receive, send)\n  File \"D:\\baadal detection\\venv\\Lib\\site-packages\\starlette\\routing.py\", line 276, in handle\n    await self.app(scope, receive, send)\n  File \"D:\\baadal detection\\venv\\Lib\\site-packages\\fastapi\\routing.py\", line 134, in app\n    await wrap_app_handling_exceptions(app, request)(scope, receive, send)\n  File \"D:\\baadal detection\\venv\\Lib\\site-packages\\starlette\\_exception_handler.py\", line 53, in wrapped_app\n    raise exc\n  File \"D:\\baadal detection\\venv\\Lib\\site-packages\\starlette\\_exception_handler.py\", line 42, in wrapped_app\n    await app(scope, receive, sender)\n  File \"D:\\baadal detection\\venv\\Lib\\site-packages\\fastapi\\routing.py\", line 120, in app\n    response = await f(request)\n               ^^^^^^^^^^^^^^^^\n  File \"D:\\baadal detection\\venv\\Lib\\site-packages\\fastapi\\routing.py\", line 715, in app\n    response = actual_response_class(content, **response_args)\n  File \"D:\\baadal detection\\venv\\Lib\\site-packages\\starlette\\responses.py\", line 192, in __init__\n    super().__init__(content, status_code, headers, media_type, background)\n    ~~~~~~~~~~~~~~~~^^^^^^^^^^^^^^^^^^^^^^^^^^^^^^^^^^^^^^^^^^^^^^^^^^^^^^^\n  File \"D:\\baadal detection\\venv\\Lib\\site-packages\\starlette\\responses.py\", line 45, in __init__\n    self.body = self.render(content)\n                ~~~~~~~~~~~^^^^^^^^^\n  File \"D:\\baadal detection\\venv\\Lib\\site-packages\\starlette\\responses.py\", line 195, in render\n    return json.dumps(\n           ~~~~~~~~~~^\n        content,\n        ^^^^^^^^\n    ...<3 lines>...\n        separators=(\",\", \":\"),\n        ^^^^^^^^^^^^^^^^^^^^^^\n    ).encode(\"utf-8\")\n    ^\n  File \"C:\\Users\\lenovo\\AppData\\Local\\Programs\\Python\\Python313\\Lib\\json\\__init__.py\", line 238, in dumps\n    **kw).encode(obj)\n          ~~~~~~^^^^^\n  File \"C:\\Users\\lenovo\\AppData\\Local\\Programs\\Python\\Python313\\Lib\\json\\encoder.py\", line 200, in encode\n    chunks = self.iterencode(o, _one_shot=True)\n  File \"C:\\Users\\lenovo\\AppData\\Local\\Programs\\Python\\Python313\\Lib\\json\\encoder.py\", line 261, in iterencode\n    return _iterencode(o, 0)\nValueError: Out of range float values are not JSON compliant: nan"}
{"timestamp": "2026-06-14T11:19:12.353985+00:00", "level": "INFO", "logger": "core.database", "message": "Database initialized at D:\\baadal detection\\data\\aetherwatch_telemetry.db", "module": "database", "function": "init_db", "line": 102}
{"timestamp": "2026-06-14T11:19:12.364167+00:00", "level": "INFO", "logger": "core.database", "message": "Database initialized at D:\\baadal detection\\data\\aetherwatch_telemetry.db", "module": "database", "function": "init_db", "line": 102}
{"timestamp": "2026-06-14T11:19:14.444725+00:00", "level": "INFO", "logger": "core.database", "message": "Database initialized at D:\\baadal detection\\data\\aetherwatch_telemetry.db", "module": "database", "function": "init_db", "line": 102}
{"timestamp": "2026-06-14T11:19:16.753956+00:00", "level": "INFO", "logger": "core.database", "message": "Database initialized at D:\\baadal detection\\data\\aetherwatch_telemetry.db", "module": "database", "function": "init_db", "line": 102}
{"timestamp": "2026-06-14T11:19:21.222828+00:00", "level": "ERROR", "logger": "backend.main", "message": "Unhandled API exception", "module": "main", "function": "general_exception_handler", "line": 188, "exception": "Traceback (most recent call last):\n  File \"D:\\baadal detection\\venv\\Lib\\site-packages\\starlette\\middleware\\errors.py\", line 164, in __call__\n    await self.app(scope, receive, _send)\n  File \"D:\\baadal detection\\venv\\Lib\\site-packages\\starlette\\middleware\\base.py\", line 191, in __call__\n    with recv_stream, send_stream, collapse_excgroups():\n                                   ~~~~~~~~~~~~~~~~~~^^\n  File \"C:\\Users\\lenovo\\AppData\\Local\\Programs\\Python\\Python313\\Lib\\contextlib.py\", line 162, in __exit__\n    self.gen.throw(value)\n    ~~~~~~~~~~~~~~^^^^^^^\n  File \"D:\\baadal detection\\venv\\Lib\\site-packages\\starlette\\_utils.py\", line 87, in collapse_excgroups\n    raise exc\n  File \"D:\\baadal detection\\venv\\Lib\\site-packages\\starlette\\middleware\\base.py\", line 193, in __call__\n    response = await self.dispatch_func(request, call_next)\n               ^^^^^^^^^^^^^^^^^^^^^^^^^^^^^^^^^^^^^^^^^^^^\n  File \"D:\\baadal detection\\backend\\rate_limit.py\", line 40, in dispatch\n    return await call_next(request)\n           ^^^^^^^^^^^^^^^^^^^^^^^^\n  File \"D:\\baadal detection\\venv\\Lib\\site-packages\\starlette\\middleware\\base.py\", line 168, in call_next\n    raise app_exc from app_exc.__cause__ or app_exc.__context__\n  File \"D:\\baadal detection\\venv\\Lib\\site-packages\\starlette\\middleware\\base.py\", line 144, in coro\n    await self.app(scope, receive_or_disconnect, send_no_error)\n  File \"D:\\baadal detection\\venv\\Lib\\site-packages\\starlette\\middleware\\cors.py\", line 88, in __call__\n    await self.app(scope, receive, send)\n  File \"D:\\baadal detection\\venv\\Lib\\site-packages\\starlette\\middleware\\exceptions.py\", line 63, in __call__\n    await wrap_app_handling_exceptions(self.app, conn)(scope, receive, send)\n  File \"D:\\baadal detection\\venv\\Lib\\site-packages\\starlette\\_exception_handler.py\", line 53, in wrapped_app\n    raise exc\n  File \"D:\\baadal detection\\venv\\Lib\\site-packages\\starlette\\_exception_handler.py\", line 42, in wrapped_app\n    await app(scope, receive, sender)\n  File \"D:\\baadal detection\\venv\\Lib\\site-packages\\fastapi\\middleware\\asyncexitstack.py\", line 18, in __call__\n    await self.app(scope, receive, send)\n  File \"D:\\baadal detection\\venv\\Lib\\site-packages\\starlette\\routing.py\", line 660, in __call__\n    await self.middleware_stack(scope, receive, send)\n  File \"D:\\baadal detection\\venv\\Lib\\site-packages\\starlette\\routing.py\", line 680, in app\n    await route.handle(scope, receive, send)\n  File \"D:\\baadal detection\\venv\\Lib\\site-packages\\starlette\\routing.py\", line 276, in handle\n    await self.app(scope, receive, send)\n  File \"D:\\baadal detection\\venv\\Lib\\site-packages\\fastapi\\routing.py\", line 134, in app\n    await wrap_app_handling_exceptions(app, request)(scope, receive, send)\n  File \"D:\\baadal detection\\venv\\Lib\\site-packages\\starlette\\_exception_handler.py\", line 53, in wrapped_app\n    raise exc\n  File \"D:\\baadal detection\\venv\\Lib\\site-packages\\starlette\\_exception_handler.py\", line 42, in wrapped_app\n    await app(scope, receive, sender)\n  File \"D:\\baadal detection\\venv\\Lib\\site-packages\\fastapi\\routing.py\", line 120, in app\n    response = await f(request)\n               ^^^^^^^^^^^^^^^^\n  File \"D:\\baadal detection\\venv\\Lib\\site-packages\\fastapi\\routing.py\", line 715, in app\n    response = actual_response_class(content, **response_args)\n  File \"D:\\baadal detection\\venv\\Lib\\site-packages\\starlette\\responses.py\", line 192, in __init__\n    super().__init__(content, status_code, headers, media_type, background)\n    ~~~~~~~~~~~~~~~~^^^^^^^^^^^^^^^^^^^^^^^^^^^^^^^^^^^^^^^^^^^^^^^^^^^^^^^\n  File \"D:\\baadal detection\\venv\\Lib\\site-packages\\starlette\\responses.py\", line 45, in __init__\n    self.body = self.render(content)\n                ~~~~~~~~~~~^^^^^^^^^\n  File \"D:\\baadal detection\\venv\\Lib\\site-packages\\starlette\\responses.py\", line 195, in render\n    return json.dumps(\n           ~~~~~~~~~~^\n        content,\n        ^^^^^^^^\n    ...<3 lines>...\n        separators=(\",\", \":\"),\n        ^^^^^^^^^^^^^^^^^^^^^^\n    ).encode(\"utf-8\")\n    ^\n  File \"C:\\Users\\lenovo\\AppData\\Local\\Programs\\Python\\Python313\\Lib\\json\\__init__.py\", line 238, in dumps\n    **kw).encode(obj)\n          ~~~~~~^^^^^\n  File \"C:\\Users\\lenovo\\AppData\\Local\\Programs\\Python\\Python313\\Lib\\json\\encoder.py\", line 200, in encode\n    chunks = self.iterencode(o, _one_shot=True)\n  File \"C:\\Users\\lenovo\\AppData\\Local\\Programs\\Python\\Python313\\Lib\\json\\encoder.py\", line 261, in iterencode\n    return _iterencode(o, 0)\nValueError: Out of range float values are not JSON compliant: nan"}
{"timestamp": "2026-06-14T11:19:23.938286+00:00", "level": "INFO", "logger": "core.database", "message": "Database initialized at D:\\baadal detection\\data\\aetherwatch_telemetry.db", "module": "database", "function": "init_db", "line": 102}
{"timestamp": "2026-06-14T11:19:27.535498+00:00", "level": "ERROR", "logger": "backend.main", "message": "Unhandled API exception", "module": "main", "function": "general_exception_handler", "line": 188, "exception": "Traceback (most recent call last):\n  File \"D:\\baadal detection\\venv\\Lib\\site-packages\\starlette\\middleware\\errors.py\", line 164, in __call__\n    await self.app(scope, receive, _send)\n  File \"D:\\baadal detection\\venv\\Lib\\site-packages\\starlette\\middleware\\base.py\", line 191, in __call__\n    with recv_stream, send_stream, collapse_excgroups():\n                                   ~~~~~~~~~~~~~~~~~~^^\n  File \"C:\\Users\\lenovo\\AppData\\Local\\Programs\\Python\\Python313\\Lib\\contextlib.py\", line 162, in __exit__\n    self.gen.throw(value)\n    ~~~~~~~~~~~~~~^^^^^^^\n  File \"D:\\baadal detection\\venv\\Lib\\site-packages\\starlette\\_utils.py\", line 87, in collapse_excgroups\n    raise exc\n  File \"D:\\baadal detection\\venv\\Lib\\site-packages\\starlette\\middleware\\base.py\", line 193, in __call__\n    response = await self.dispatch_func(request, call_next)\n               ^^^^^^^^^^^^^^^^^^^^^^^^^^^^^^^^^^^^^^^^^^^^\n  File \"D:\\baadal detection\\backend\\rate_limit.py\", line 40, in dispatch\n    return await call_next(request)\n           ^^^^^^^^^^^^^^^^^^^^^^^^\n  File \"D:\\baadal detection\\venv\\Lib\\site-packages\\starlette\\middleware\\base.py\", line 168, in call_next\n    raise app_exc from app_exc.__cause__ or app_exc.__context__\n  File \"D:\\baadal detection\\venv\\Lib\\site-packages\\starlette\\middleware\\base.py\", line 144, in coro\n    await self.app(scope, receive_or_disconnect, send_no_error)\n  File \"D:\\baadal detection\\venv\\Lib\\site-packages\\starlette\\middleware\\cors.py\", line 88, in __call__\n    await self.app(scope, receive, send)\n  File \"D:\\baadal detection\\venv\\Lib\\site-packages\\starlette\\middleware\\exceptions.py\", line 63, in __call__\n    await wrap_app_handling_exceptions(self.app, conn)(scope, receive, send)\n  File \"D:\\baadal detection\\venv\\Lib\\site-packages\\starlette\\_exception_handler.py\", line 53, in wrapped_app\n    raise exc\n  File \"D:\\baadal detection\\venv\\Lib\\site-packages\\starlette\\_exception_handler.py\", line 42, in wrapped_app\n    await app(scope, receive, sender)\n  File \"D:\\baadal detection\\venv\\Lib\\site-packages\\fastapi\\middleware\\asyncexitstack.py\", line 18, in __call__\n    await self.app(scope, receive, send)\n  File \"D:\\baadal detection\\venv\\Lib\\site-packages\\starlette\\routing.py\", line 660, in __call__\n    await self.middleware_stack(scope, receive, send)\n  File \"D:\\baadal detection\\venv\\Lib\\site-packages\\starlette\\routing.py\", line 680, in app\n    await route.handle(scope, receive, send)\n  File \"D:\\baadal detection\\venv\\Lib\\site-packages\\starlette\\routing.py\", line 276, in handle\n    await self.app(scope, receive, send)\n  File \"D:\\baadal detection\\venv\\Lib\\site-packages\\fastapi\\routing.py\", line 134, in app\n    await wrap_app_handling_exceptions(app, request)(scope, receive, send)\n  File \"D:\\baadal detection\\venv\\Lib\\site-packages\\starlette\\_exception_handler.py\", line 53, in wrapped_app\n    raise exc\n  File \"D:\\baadal detection\\venv\\Lib\\site-packages\\starlette\\_exception_handler.py\", line 42, in wrapped_app\n    await app(scope, receive, sender)\n  File \"D:\\baadal detection\\venv\\Lib\\site-packages\\fastapi\\routing.py\", line 120, in app\n    response = await f(request)\n               ^^^^^^^^^^^^^^^^\n  File \"D:\\baadal detection\\venv\\Lib\\site-packages\\fastapi\\routing.py\", line 715, in app\n    response = actual_response_class(content, **response_args)\n  File \"D:\\baadal detection\\venv\\Lib\\site-packages\\starlette\\responses.py\", line 192, in __init__\n    super().__init__(content, status_code, headers, media_type, background)\n    ~~~~~~~~~~~~~~~~^^^^^^^^^^^^^^^^^^^^^^^^^^^^^^^^^^^^^^^^^^^^^^^^^^^^^^^\n  File \"D:\\baadal detection\\venv\\Lib\\site-packages\\starlette\\responses.py\", line 45, in __init__\n    self.body = self.render(content)\n                ~~~~~~~~~~~^^^^^^^^^\n  File \"D:\\baadal detection\\venv\\Lib\\site-packages\\starlette\\responses.py\", line 195, in render\n    return json.dumps(\n           ~~~~~~~~~~^\n        content,\n        ^^^^^^^^\n    ...<3 lines>...\n        separators=(\",\", \":\"),\n        ^^^^^^^^^^^^^^^^^^^^^^\n    ).encode(\"utf-8\")\n    ^\n  File \"C:\\Users\\lenovo\\AppData\\Local\\Programs\\Python\\Python313\\Lib\\json\\__init__.py\", line 238, in dumps\n    **kw).encode(obj)\n          ~~~~~~^^^^^\n  File \"C:\\Users\\lenovo\\AppData\\Local\\Programs\\Python\\Python313\\Lib\\json\\encoder.py\", line 200, in encode\n    chunks = self.iterencode(o, _one_shot=True)\n  File \"C:\\Users\\lenovo\\AppData\\Local\\Programs\\Python\\Python313\\Lib\\json\\encoder.py\", line 261, in iterencode\n    return _iterencode(o, 0)\nValueError: Out of range float values are not JSON compliant: nan"}
{"timestamp": "2026-06-14T11:19:29.728394+00:00", "level": "INFO", "logger": "core.database", "message": "Database initialized at D:\\baadal detection\\data\\aetherwatch_telemetry.db", "module": "database", "function": "init_db", "line": 102}
{"timestamp": "2026-06-14T11:19:32.827806+00:00", "level": "ERROR", "logger": "backend.main", "message": "Unhandled API exception", "module": "main", "function": "general_exception_handler", "line": 188, "exception": "Traceback (most recent call last):\n  File \"D:\\baadal detection\\venv\\Lib\\site-packages\\starlette\\middleware\\errors.py\", line 164, in __call__\n    await self.app(scope, receive, _send)\n  File \"D:\\baadal detection\\venv\\Lib\\site-packages\\starlette\\middleware\\base.py\", line 191, in __call__\n    with recv_stream, send_stream, collapse_excgroups():\n                                   ~~~~~~~~~~~~~~~~~~^^\n  File \"C:\\Users\\lenovo\\AppData\\Local\\Programs\\Python\\Python313\\Lib\\contextlib.py\", line 162, in __exit__\n    self.gen.throw(value)\n    ~~~~~~~~~~~~~~^^^^^^^\n  File \"D:\\baadal detection\\venv\\Lib\\site-packages\\starlette\\_utils.py\", line 87, in collapse_excgroups\n    raise exc\n  File \"D:\\baadal detection\\venv\\Lib\\site-packages\\starlette\\middleware\\base.py\", line 193, in __call__\n    response = await self.dispatch_func(request, call_next)\n               ^^^^^^^^^^^^^^^^^^^^^^^^^^^^^^^^^^^^^^^^^^^^\n  File \"D:\\baadal detection\\backend\\rate_limit.py\", line 40, in dispatch\n    return await call_next(request)\n           ^^^^^^^^^^^^^^^^^^^^^^^^\n  File \"D:\\baadal detection\\venv\\Lib\\site-packages\\starlette\\middleware\\base.py\", line 168, in call_next\n    raise app_exc from app_exc.__cause__ or app_exc.__context__\n  File \"D:\\baadal detection\\venv\\Lib\\site-packages\\starlette\\middleware\\base.py\", line 144, in coro\n    await self.app(scope, receive_or_disconnect, send_no_error)\n  File \"D:\\baadal detection\\venv\\Lib\\site-packages\\starlette\\middleware\\cors.py\", line 88, in __call__\n    await self.app(scope, receive, send)\n  File \"D:\\baadal detection\\venv\\Lib\\site-packages\\starlette\\middleware\\exceptions.py\", line 63, in __call__\n    await wrap_app_handling_exceptions(self.app, conn)(scope, receive, send)\n  File \"D:\\baadal detection\\venv\\Lib\\site-packages\\starlette\\_exception_handler.py\", line 53, in wrapped_app\n    raise exc\n  File \"D:\\baadal detection\\venv\\Lib\\site-packages\\starlette\\_exception_handler.py\", line 42, in wrapped_app\n    await app(scope, receive, sender)\n  File \"D:\\baadal detection\\venv\\Lib\\site-packages\\fastapi\\middleware\\asyncexitstack.py\", line 18, in __call__\n    await self.app(scope, receive, send)\n  File \"D:\\baadal detection\\venv\\Lib\\site-packages\\starlette\\routing.py\", line 660, in __call__\n    await self.middleware_stack(scope, receive, send)\n  File \"D:\\baadal detection\\venv\\Lib\\site-packages\\starlette\\routing.py\", line 680, in app\n    await route.handle(scope, receive, send)\n  File \"D:\\baadal detection\\venv\\Lib\\site-packages\\starlette\\routing.py\", line 276, in handle\n    await self.app(scope, receive, send)\n  File \"D:\\baadal detection\\venv\\Lib\\site-packages\\fastapi\\routing.py\", line 134, in app\n    await wrap_app_handling_exceptions(app, request)(scope, receive, send)\n  File \"D:\\baadal detection\\venv\\Lib\\site-packages\\starlette\\_exception_handler.py\", line 53, in wrapped_app\n    raise exc\n  File \"D:\\baadal detection\\venv\\Lib\\site-packages\\starlette\\_exception_handler.py\", line 42, in wrapped_app\n    await app(scope, receive, sender)\n  File \"D:\\baadal detection\\venv\\Lib\\site-packages\\fastapi\\routing.py\", line 120, in app\n    response = await f(request)\n               ^^^^^^^^^^^^^^^^\n  File \"D:\\baadal detection\\venv\\Lib\\site-packages\\fastapi\\routing.py\", line 715, in app\n    response = actual_response_class(content, **response_args)\n  File \"D:\\baadal detection\\venv\\Lib\\site-packages\\starlette\\responses.py\", line 192, in __init__\n    super().__init__(content, status_code, headers, media_type, background)\n    ~~~~~~~~~~~~~~~~^^^^^^^^^^^^^^^^^^^^^^^^^^^^^^^^^^^^^^^^^^^^^^^^^^^^^^^\n  File \"D:\\baadal detection\\venv\\Lib\\site-packages\\starlette\\responses.py\", line 45, in __init__\n    self.body = self.render(content)\n                ~~~~~~~~~~~^^^^^^^^^\n  File \"D:\\baadal detection\\venv\\Lib\\site-packages\\starlette\\responses.py\", line 195, in render\n    return json.dumps(\n           ~~~~~~~~~~^\n        content,\n        ^^^^^^^^\n    ...<3 lines>...\n        separators=(\",\", \":\"),\n        ^^^^^^^^^^^^^^^^^^^^^^\n    ).encode(\"utf-8\")\n    ^\n  File \"C:\\Users\\lenovo\\AppData\\Local\\Programs\\Python\\Python313\\Lib\\json\\__init__.py\", line 238, in dumps\n    **kw).encode(obj)\n          ~~~~~~^^^^^\n  File \"C:\\Users\\lenovo\\AppData\\Local\\Programs\\Python\\Python313\\Lib\\json\\encoder.py\", line 200, in encode\n    chunks = self.iterencode(o, _one_shot=True)\n  File \"C:\\Users\\lenovo\\AppData\\Local\\Programs\\Python\\Python313\\Lib\\json\\encoder.py\", line 261, in iterencode\n    return _iterencode(o, 0)\nValueError: Out of range float values are not JSON compliant: nan"}
{"timestamp": "2026-06-14T11:20:43.667978+00:00", "level": "INFO", "logger": "core.database", "message": "Database initialized at D:\\baadal detection\\data\\aetherwatch_telemetry.db", "module": "database", "function": "init_db", "line": 102}
{"timestamp": "2026-06-14T11:20:43.676233+00:00", "level": "INFO", "logger": "core.database", "message": "Database initialized at D:\\baadal detection\\data\\aetherwatch_telemetry.db", "module": "database", "function": "init_db", "line": 102}
{"timestamp": "2026-06-14T11:20:45.760395+00:00", "level": "INFO", "logger": "core.database", "message": "Database initialized at D:\\baadal detection\\data\\aetherwatch_telemetry.db", "module": "database", "function": "init_db", "line": 102}
{"timestamp": "2026-06-14T11:20:47.938547+00:00", "level": "INFO", "logger": "core.database", "message": "Database initialized at D:\\baadal detection\\data\\aetherwatch_telemetry.db", "module": "database", "function": "init_db", "line": 102}
{"timestamp": "2026-06-14T11:20:47.946291+00:00", "level": "INFO", "logger": "core.database", "message": "Database initialized at D:\\baadal detection\\data\\aetherwatch_telemetry.db", "module": "database", "function": "init_db", "line": 102}
{"timestamp": "2026-06-14T11:20:49.994423+00:00", "level": "INFO", "logger": "core.database", "message": "Database initialized at D:\\baadal detection\\data\\aetherwatch_telemetry.db", "module": "database", "function": "init_db", "line": 102}
{"timestamp": "2026-06-14T11:20:52.146009+00:00", "level": "INFO", "logger": "core.database", "message": "Database initialized at D:\\baadal detection\\data\\aetherwatch_telemetry.db", "module": "database", "function": "init_db", "line": 102}
{"timestamp": "2026-06-14T11:20:55.643730+00:00", "level": "ERROR", "logger": "backend.main", "message": "Unhandled API exception", "module": "main", "function": "general_exception_handler", "line": 188, "exception": "Traceback (most recent call last):\n  File \"D:\\baadal detection\\venv\\Lib\\site-packages\\starlette\\middleware\\errors.py\", line 164, in __call__\n    await self.app(scope, receive, _send)\n  File \"D:\\baadal detection\\venv\\Lib\\site-packages\\starlette\\middleware\\base.py\", line 191, in __call__\n    with recv_stream, send_stream, collapse_excgroups():\n                                   ~~~~~~~~~~~~~~~~~~^^\n  File \"C:\\Users\\lenovo\\AppData\\Local\\Programs\\Python\\Python313\\Lib\\contextlib.py\", line 162, in __exit__\n    self.gen.throw(value)\n    ~~~~~~~~~~~~~~^^^^^^^\n  File \"D:\\baadal detection\\venv\\Lib\\site-packages\\starlette\\_utils.py\", line 87, in collapse_excgroups\n    raise exc\n  File \"D:\\baadal detection\\venv\\Lib\\site-packages\\starlette\\middleware\\base.py\", line 193, in __call__\n    response = await self.dispatch_func(request, call_next)\n               ^^^^^^^^^^^^^^^^^^^^^^^^^^^^^^^^^^^^^^^^^^^^\n  File \"D:\\baadal detection\\backend\\rate_limit.py\", line 40, in dispatch\n    return await call_next(request)\n           ^^^^^^^^^^^^^^^^^^^^^^^^\n  File \"D:\\baadal detection\\venv\\Lib\\site-packages\\starlette\\middleware\\base.py\", line 168, in call_next\n    raise app_exc from app_exc.__cause__ or app_exc.__context__\n  File \"D:\\baadal detection\\venv\\Lib\\site-packages\\starlette\\middleware\\base.py\", line 144, in coro\n    await self.app(scope, receive_or_disconnect, send_no_error)\n  File \"D:\\baadal detection\\venv\\Lib\\site-packages\\starlette\\middleware\\cors.py\", line 88, in __call__\n    await self.app(scope, receive, send)\n  File \"D:\\baadal detection\\venv\\Lib\\site-packages\\starlette\\middleware\\exceptions.py\", line 63, in __call__\n    await wrap_app_handling_exceptions(self.app, conn)(scope, receive, send)\n  File \"D:\\baadal detection\\venv\\Lib\\site-packages\\starlette\\_exception_handler.py\", line 53, in wrapped_app\n    raise exc\n  File \"D:\\baadal detection\\venv\\Lib\\site-packages\\starlette\\_exception_handler.py\", line 42, in wrapped_app\n    await app(scope, receive, sender)\n  File \"D:\\baadal detection\\venv\\Lib\\site-packages\\fastapi\\middleware\\asyncexitstack.py\", line 18, in __call__\n    await self.app(scope, receive, send)\n  File \"D:\\baadal detection\\venv\\Lib\\site-packages\\starlette\\routing.py\", line 660, in __call__\n    await self.middleware_stack(scope, receive, send)\n  File \"D:\\baadal detection\\venv\\Lib\\site-packages\\starlette\\routing.py\", line 680, in app\n    await route.handle(scope, receive, send)\n  File \"D:\\baadal detection\\venv\\Lib\\site-packages\\starlette\\routing.py\", line 276, in handle\n    await self.app(scope, receive, send)\n  File \"D:\\baadal detection\\venv\\Lib\\site-packages\\fastapi\\routing.py\", line 134, in app\n    await wrap_app_handling_exceptions(app, request)(scope, receive, send)\n  File \"D:\\baadal detection\\venv\\Lib\\site-packages\\starlette\\_exception_handler.py\", line 53, in wrapped_app\n    raise exc\n  File \"D:\\baadal detection\\venv\\Lib\\site-packages\\starlette\\_exception_handler.py\", line 42, in wrapped_app\n    await app(scope, receive, sender)\n  File \"D:\\baadal detection\\venv\\Lib\\site-packages\\fastapi\\routing.py\", line 120, in app\n    response = await f(request)\n               ^^^^^^^^^^^^^^^^\n  File \"D:\\baadal detection\\venv\\Lib\\site-packages\\fastapi\\routing.py\", line 715, in app\n    response = actual_response_class(content, **response_args)\n  File \"D:\\baadal detection\\venv\\Lib\\site-packages\\starlette\\responses.py\", line 192, in __init__\n    super().__init__(content, status_code, headers, media_type, background)\n    ~~~~~~~~~~~~~~~~^^^^^^^^^^^^^^^^^^^^^^^^^^^^^^^^^^^^^^^^^^^^^^^^^^^^^^^\n  File \"D:\\baadal detection\\venv\\Lib\\site-packages\\starlette\\responses.py\", line 45, in __init__\n    self.body = self.render(content)\n                ~~~~~~~~~~~^^^^^^^^^\n  File \"D:\\baadal detection\\venv\\Lib\\site-packages\\starlette\\responses.py\", line 195, in render\n    return json.dumps(\n           ~~~~~~~~~~^\n        content,\n        ^^^^^^^^\n    ...<3 lines>...\n        separators=(\",\", \":\"),\n        ^^^^^^^^^^^^^^^^^^^^^^\n    ).encode(\"utf-8\")\n    ^\n  File \"C:\\Users\\lenovo\\AppData\\Local\\Programs\\Python\\Python313\\Lib\\json\\__init__.py\", line 238, in dumps\n    **kw).encode(obj)\n          ~~~~~~^^^^^\n  File \"C:\\Users\\lenovo\\AppData\\Local\\Programs\\Python\\Python313\\Lib\\json\\encoder.py\", line 200, in encode\n    chunks = self.iterencode(o, _one_shot=True)\n  File \"C:\\Users\\lenovo\\AppData\\Local\\Programs\\Python\\Python313\\Lib\\json\\encoder.py\", line 261, in iterencode\n    return _iterencode(o, 0)\nValueError: Out of range float values are not JSON compliant: nan"}
{"timestamp": "2026-06-14T11:21:00.015330+00:00", "level": "INFO", "logger": "core.database", "message": "Database initialized at D:\\baadal detection\\data\\aetherwatch_telemetry.db", "module": "database", "function": "init_db", "line": 102}
{"timestamp": "2026-06-14T11:21:03.489328+00:00", "level": "ERROR", "logger": "backend.main", "message": "Unhandled API exception", "module": "main", "function": "general_exception_handler", "line": 188, "exception": "Traceback (most recent call last):\n  File \"D:\\baadal detection\\venv\\Lib\\site-packages\\starlette\\middleware\\errors.py\", line 164, in __call__\n    await self.app(scope, receive, _send)\n  File \"D:\\baadal detection\\venv\\Lib\\site-packages\\starlette\\middleware\\base.py\", line 191, in __call__\n    with recv_stream, send_stream, collapse_excgroups():\n                                   ~~~~~~~~~~~~~~~~~~^^\n  File \"C:\\Users\\lenovo\\AppData\\Local\\Programs\\Python\\Python313\\Lib\\contextlib.py\", line 162, in __exit__\n    self.gen.throw(value)\n    ~~~~~~~~~~~~~~^^^^^^^\n  File \"D:\\baadal detection\\venv\\Lib\\site-packages\\starlette\\_utils.py\", line 87, in collapse_excgroups\n    raise exc\n  File \"D:\\baadal detection\\venv\\Lib\\site-packages\\starlette\\middleware\\base.py\", line 193, in __call__\n    response = await self.dispatch_func(request, call_next)\n               ^^^^^^^^^^^^^^^^^^^^^^^^^^^^^^^^^^^^^^^^^^^^\n  File \"D:\\baadal detection\\backend\\rate_limit.py\", line 40, in dispatch\n    return await call_next(request)\n           ^^^^^^^^^^^^^^^^^^^^^^^^\n  File \"D:\\baadal detection\\venv\\Lib\\site-packages\\starlette\\middleware\\base.py\", line 168, in call_next\n    raise app_exc from app_exc.__cause__ or app_exc.__context__\n  File \"D:\\baadal detection\\venv\\Lib\\site-packages\\starlette\\middleware\\base.py\", line 144, in coro\n    await self.app(scope, receive_or_disconnect, send_no_error)\n  File \"D:\\baadal detection\\venv\\Lib\\site-packages\\starlette\\middleware\\cors.py\", line 88, in __call__\n    await self.app(scope, receive, send)\n  File \"D:\\baadal detection\\venv\\Lib\\site-packages\\starlette\\middleware\\exceptions.py\", line 63, in __call__\n    await wrap_app_handling_exceptions(self.app, conn)(scope, receive, send)\n  File \"D:\\baadal detection\\venv\\Lib\\site-packages\\starlette\\_exception_handler.py\", line 53, in wrapped_app\n    raise exc\n  File \"D:\\baadal detection\\venv\\Lib\\site-packages\\starlette\\_exception_handler.py\", line 42, in wrapped_app\n    await app(scope, receive, sender)\n  File \"D:\\baadal detection\\venv\\Lib\\site-packages\\fastapi\\middleware\\asyncexitstack.py\", line 18, in __call__\n    await self.app(scope, receive, send)\n  File \"D:\\baadal detection\\venv\\Lib\\site-packages\\starlette\\routing.py\", line 660, in __call__\n    await self.middleware_stack(scope, receive, send)\n  File \"D:\\baadal detection\\venv\\Lib\\site-packages\\starlette\\routing.py\", line 680, in app\n    await route.handle(scope, receive, send)\n  File \"D:\\baadal detection\\venv\\Lib\\site-packages\\starlette\\routing.py\", line 276, in handle\n    await self.app(scope, receive, send)\n  File \"D:\\baadal detection\\venv\\Lib\\site-packages\\fastapi\\routing.py\", line 134, in app\n    await wrap_app_handling_exceptions(app, request)(scope, receive, send)\n  File \"D:\\baadal detection\\venv\\Lib\\site-packages\\starlette\\_exception_handler.py\", line 53, in wrapped_app\n    raise exc\n  File \"D:\\baadal detection\\venv\\Lib\\site-packages\\starlette\\_exception_handler.py\", line 42, in wrapped_app\n    await app(scope, receive, sender)\n  File \"D:\\baadal detection\\venv\\Lib\\site-packages\\fastapi\\routing.py\", line 120, in app\n    response = await f(request)\n               ^^^^^^^^^^^^^^^^\n  File \"D:\\baadal detection\\venv\\Lib\\site-packages\\fastapi\\routing.py\", line 715, in app\n    response = actual_response_class(content, **response_args)\n  File \"D:\\baadal detection\\venv\\Lib\\site-packages\\starlette\\responses.py\", line 192, in __init__\n    super().__init__(content, status_code, headers, media_type, background)\n    ~~~~~~~~~~~~~~~~^^^^^^^^^^^^^^^^^^^^^^^^^^^^^^^^^^^^^^^^^^^^^^^^^^^^^^^\n  File \"D:\\baadal detection\\venv\\Lib\\site-packages\\starlette\\responses.py\", line 45, in __init__\n    self.body = self.render(content)\n                ~~~~~~~~~~~^^^^^^^^^\n  File \"D:\\baadal detection\\venv\\Lib\\site-packages\\starlette\\responses.py\", line 195, in render\n    return json.dumps(\n           ~~~~~~~~~~^\n        content,\n        ^^^^^^^^\n    ...<3 lines>...\n        separators=(\",\", \":\"),\n        ^^^^^^^^^^^^^^^^^^^^^^\n    ).encode(\"utf-8\")\n    ^\n  File \"C:\\Users\\lenovo\\AppData\\Local\\Programs\\Python\\Python313\\Lib\\json\\__init__.py\", line 238, in dumps\n    **kw).encode(obj)\n          ~~~~~~^^^^^\n  File \"C:\\Users\\lenovo\\AppData\\Local\\Programs\\Python\\Python313\\Lib\\json\\encoder.py\", line 200, in encode\n    chunks = self.iterencode(o, _one_shot=True)\n  File \"C:\\Users\\lenovo\\AppData\\Local\\Programs\\Python\\Python313\\Lib\\json\\encoder.py\", line 261, in iterencode\n    return _iterencode(o, 0)\nValueError: Out of range float values are not JSON compliant: nan"}
{"timestamp": "2026-06-14T11:25:54.834756+00:00", "level": "INFO", "logger": "core.database", "message": "Database initialized at C:\\Users\\lenovo\\AppData\\Local\\Temp\\pytest-of-lenovo\\pytest-1\\test_analysis_persistence_is_i0\\test.db", "module": "database", "function": "init_db", "line": 102}
{"timestamp": "2026-06-14T11:25:54.846611+00:00", "level": "INFO", "logger": "core.database", "message": "Saved analysis 1 with 1 candidates", "module": "database", "function": "save_analysis", "line": 198}
{"timestamp": "2026-06-14T11:25:54.852341+00:00", "level": "INFO", "logger": "core.database", "message": "Database initialized at C:\\Users\\lenovo\\AppData\\Local\\Temp\\pytest-of-lenovo\\pytest-1\\test_analysis_persistence_is_i0\\test.db", "module": "database", "function": "init_db", "line": 102}
{"timestamp": "2026-06-14T11:25:54.861881+00:00", "level": "INFO", "logger": "core.database", "message": "Database initialized at C:\\Users\\lenovo\\AppData\\Local\\Temp\\pytest-of-lenovo\\pytest-1\\test_analysis_persistence_is_i0\\test.db", "module": "database", "function": "init_db", "line": 102}
{"timestamp": "2026-06-14T11:25:54.890050+00:00", "level": "INFO", "logger": "core.database", "message": "Database initialized at C:\\Users\\lenovo\\AppData\\Local\\Temp\\pytest-of-lenovo\\pytest-1\\test_failed_checksum_can_be_re0\\retry.db", "module": "database", "function": "init_db", "line": 102}
{"timestamp": "2026-06-14T11:25:54.906623+00:00", "level": "INFO", "logger": "core.database", "message": "Database initialized at C:\\Users\\lenovo\\AppData\\Local\\Temp\\pytest-of-lenovo\\pytest-1\\test_failed_checksum_can_be_re0\\retry.db", "module": "database", "function": "init_db", "line": 102}
{"timestamp": "2026-06-14T11:25:54.914635+00:00", "level": "INFO", "logger": "core.database", "message": "Database initialized at C:\\Users\\lenovo\\AppData\\Local\\Temp\\pytest-of-lenovo\\pytest-1\\test_failed_checksum_can_be_re0\\retry.db", "module": "database", "function": "init_db", "line": 102}
{"timestamp": "2026-06-14T11:25:54.922355+00:00", "level": "INFO", "logger": "core.database", "message": "Saved analysis 2 with 0 candidates", "module": "database", "function": "save_analysis", "line": 198}
{"timestamp": "2026-06-14T11:25:54.929511+00:00", "level": "INFO", "logger": "core.database", "message": "Database initialized at C:\\Users\\lenovo\\AppData\\Local\\Temp\\pytest-of-lenovo\\pytest-1\\test_failed_checksum_can_be_re0\\retry.db", "module": "database", "function": "init_db", "line": 102}
{"timestamp": "2026-06-14T11:25:59.493490+00:00", "level": "WARNING", "logger": "core.mosdac_worker", "message": "MOSDAC is not configured; retaining historical mode", "module": "mosdac_worker", "function": "run_once", "line": 97}
{"timestamp": "2026-06-14T11:46:53.160707+00:00", "level": "INFO", "logger": "core.database", "message": "Database initialized at D:\\baadal detection\\data\\aetherwatch_telemetry.db", "module": "database", "function": "init_db", "line": 102}
{"timestamp": "2026-06-14T11:46:53.170944+00:00", "level": "INFO", "logger": "core.database", "message": "Database initialized at D:\\baadal detection\\data\\aetherwatch_telemetry.db", "module": "database", "function": "init_db", "line": 102}
{"timestamp": "2026-06-14T11:46:53.190849+00:00", "level": "INFO", "logger": "core.database", "message": "Database initialized at D:\\baadal detection\\data\\aetherwatch_telemetry.db", "module": "database", "function": "init_db", "line": 102}
{"timestamp": "2026-06-14T11:46:53.237982+00:00", "level": "INFO", "logger": "core.database", "message": "Database initialized at D:\\baadal detection\\data\\aetherwatch_telemetry.db", "module": "database", "function": "init_db", "line": 102}
{"timestamp": "2026-06-14T11:47:00.013877+00:00", "level": "ERROR", "logger": "backend.main", "message": "Unhandled API exception", "module": "main", "function": "general_exception_handler", "line": 188, "exception": "Traceback (most recent call last):\n  File \"D:\\baadal detection\\venv\\Lib\\site-packages\\starlette\\middleware\\errors.py\", line 164, in __call__\n    await self.app(scope, receive, _send)\n  File \"D:\\baadal detection\\venv\\Lib\\site-packages\\starlette\\middleware\\base.py\", line 191, in __call__\n    with recv_stream, send_stream, collapse_excgroups():\n                                   ~~~~~~~~~~~~~~~~~~^^\n  File \"C:\\Users\\lenovo\\AppData\\Local\\Programs\\Python\\Python313\\Lib\\contextlib.py\", line 162, in __exit__\n    self.gen.throw(value)\n    ~~~~~~~~~~~~~~^^^^^^^\n  File \"D:\\baadal detection\\venv\\Lib\\site-packages\\starlette\\_utils.py\", line 87, in collapse_excgroups\n    raise exc\n  File \"D:\\baadal detection\\venv\\Lib\\site-packages\\starlette\\middleware\\base.py\", line 193, in __call__\n    response = await self.dispatch_func(request, call_next)\n               ^^^^^^^^^^^^^^^^^^^^^^^^^^^^^^^^^^^^^^^^^^^^\n  File \"D:\\baadal detection\\backend\\rate_limit.py\", line 40, in dispatch\n    return await call_next(request)\n           ^^^^^^^^^^^^^^^^^^^^^^^^\n  File \"D:\\baadal detection\\venv\\Lib\\site-packages\\starlette\\middleware\\base.py\", line 168, in call_next\n    raise app_exc from app_exc.__cause__ or app_exc.__context__\n  File \"D:\\baadal detection\\venv\\Lib\\site-packages\\starlette\\middleware\\base.py\", line 144, in coro\n    await self.app(scope, receive_or_disconnect, send_no_error)\n  File \"D:\\baadal detection\\venv\\Lib\\site-packages\\starlette\\middleware\\cors.py\", line 88, in __call__\n    await self.app(scope, receive, send)\n  File \"D:\\baadal detection\\venv\\Lib\\site-packages\\starlette\\middleware\\exceptions.py\", line 63, in __call__\n    await wrap_app_handling_exceptions(self.app, conn)(scope, receive, send)\n  File \"D:\\baadal detection\\venv\\Lib\\site-packages\\starlette\\_exception_handler.py\", line 53, in wrapped_app\n    raise exc\n  File \"D:\\baadal detection\\venv\\Lib\\site-packages\\starlette\\_exception_handler.py\", line 42, in wrapped_app\n    await app(scope, receive, sender)\n  File \"D:\\baadal detection\\venv\\Lib\\site-packages\\fastapi\\middleware\\asyncexitstack.py\", line 18, in __call__\n    await self.app(scope, receive, send)\n  File \"D:\\baadal detection\\venv\\Lib\\site-packages\\starlette\\routing.py\", line 660, in __call__\n    await self.middleware_stack(scope, receive, send)\n  File \"D:\\baadal detection\\venv\\Lib\\site-packages\\starlette\\routing.py\", line 680, in app\n    await route.handle(scope, receive, send)\n  File \"D:\\baadal detection\\venv\\Lib\\site-packages\\starlette\\routing.py\", line 276, in handle\n    await self.app(scope, receive, send)\n  File \"D:\\baadal detection\\venv\\Lib\\site-packages\\fastapi\\routing.py\", line 134, in app\n    await wrap_app_handling_exceptions(app, request)(scope, receive, send)\n  File \"D:\\baadal detection\\venv\\Lib\\site-packages\\starlette\\_exception_handler.py\", line 53, in wrapped_app\n    raise exc\n  File \"D:\\baadal detection\\venv\\Lib\\site-packages\\starlette\\_exception_handler.py\", line 42, in wrapped_app\n    await app(scope, receive, sender)\n  File \"D:\\baadal detection\\venv\\Lib\\site-packages\\fastapi\\routing.py\", line 120, in app\n    response = await f(request)\n               ^^^^^^^^^^^^^^^^\n  File \"D:\\baadal detection\\venv\\Lib\\site-packages\\fastapi\\routing.py\", line 715, in app\n    response = actual_response_class(content, **response_args)\n  File \"D:\\baadal detection\\venv\\Lib\\site-packages\\starlette\\responses.py\", line 192, in __init__\n    super().__init__(content, status_code, headers, media_type, background)\n    ~~~~~~~~~~~~~~~~^^^^^^^^^^^^^^^^^^^^^^^^^^^^^^^^^^^^^^^^^^^^^^^^^^^^^^^\n  File \"D:\\baadal detection\\venv\\Lib\\site-packages\\starlette\\responses.py\", line 45, in __init__\n    self.body = self.render(content)\n                ~~~~~~~~~~~^^^^^^^^^\n  File \"D:\\baadal detection\\venv\\Lib\\site-packages\\starlette\\responses.py\", line 195, in render\n    return json.dumps(\n           ~~~~~~~~~~^\n        content,\n        ^^^^^^^^\n    ...<3 lines>...\n        separators=(\",\", \":\"),\n        ^^^^^^^^^^^^^^^^^^^^^^\n    ).encode(\"utf-8\")\n    ^\n  File \"C:\\Users\\lenovo\\AppData\\Local\\Programs\\Python\\Python313\\Lib\\json\\__init__.py\", line 238, in dumps\n    **kw).encode(obj)\n          ~~~~~~^^^^^\n  File \"C:\\Users\\lenovo\\AppData\\Local\\Programs\\Python\\Python313\\Lib\\json\\encoder.py\", line 200, in encode\n    chunks = self.iterencode(o, _one_shot=True)\n  File \"C:\\Users\\lenovo\\AppData\\Local\\Programs\\Python\\Python313\\Lib\\json\\encoder.py\", line 261, in iterencode\n    return _iterencode(o, 0)\nValueError: Out of range float values are not JSON compliant: nan"}
{"timestamp": "2026-06-14T11:47:39.027363+00:00", "level": "INFO", "logger": "core.database", "message": "Database initialized at D:\\baadal detection\\data\\aetherwatch_telemetry.db", "module": "database", "function": "init_db", "line": 102}
{"timestamp": "2026-06-14T11:48:04.886769+00:00", "level": "INFO", "logger": "core.database", "message": "Database initialized at D:\\baadal detection\\data\\aetherwatch_telemetry.db", "module": "database", "function": "init_db", "line": 102}
{"timestamp": "2026-06-14T11:48:10.855297+00:00", "level": "ERROR", "logger": "backend.main", "message": "Unhandled API exception", "module": "main", "function": "general_exception_handler", "line": 188, "exception": "Traceback (most recent call last):\n  File \"D:\\baadal detection\\venv\\Lib\\site-packages\\starlette\\middleware\\errors.py\", line 164, in __call__\n    await self.app(scope, receive, _send)\n  File \"D:\\baadal detection\\venv\\Lib\\site-packages\\starlette\\middleware\\base.py\", line 191, in __call__\n    with recv_stream, send_stream, collapse_excgroups():\n                                   ~~~~~~~~~~~~~~~~~~^^\n  File \"C:\\Users\\lenovo\\AppData\\Local\\Programs\\Python\\Python313\\Lib\\contextlib.py\", line 162, in __exit__\n    self.gen.throw(value)\n    ~~~~~~~~~~~~~~^^^^^^^\n  File \"D:\\baadal detection\\venv\\Lib\\site-packages\\starlette\\_utils.py\", line 87, in collapse_excgroups\n    raise exc\n  File \"D:\\baadal detection\\venv\\Lib\\site-packages\\starlette\\middleware\\base.py\", line 193, in __call__\n    response = await self.dispatch_func(request, call_next)\n               ^^^^^^^^^^^^^^^^^^^^^^^^^^^^^^^^^^^^^^^^^^^^\n  File \"D:\\baadal detection\\backend\\rate_limit.py\", line 40, in dispatch\n    return await call_next(request)\n           ^^^^^^^^^^^^^^^^^^^^^^^^\n  File \"D:\\baadal detection\\venv\\Lib\\site-packages\\starlette\\middleware\\base.py\", line 168, in call_next\n    raise app_exc from app_exc.__cause__ or app_exc.__context__\n  File \"D:\\baadal detection\\venv\\Lib\\site-packages\\starlette\\middleware\\base.py\", line 144, in coro\n    await self.app(scope, receive_or_disconnect, send_no_error)\n  File \"D:\\baadal detection\\venv\\Lib\\site-packages\\starlette\\middleware\\cors.py\", line 88, in __call__\n    await self.app(scope, receive, send)\n  File \"D:\\baadal detection\\venv\\Lib\\site-packages\\starlette\\middleware\\exceptions.py\", line 63, in __call__\n    await wrap_app_handling_exceptions(self.app, conn)(scope, receive, send)\n  File \"D:\\baadal detection\\venv\\Lib\\site-packages\\starlette\\_exception_handler.py\", line 53, in wrapped_app\n    raise exc\n  File \"D:\\baadal detection\\venv\\Lib\\site-packages\\starlette\\_exception_handler.py\", line 42, in wrapped_app\n    await app(scope, receive, sender)\n  File \"D:\\baadal detection\\venv\\Lib\\site-packages\\fastapi\\middleware\\asyncexitstack.py\", line 18, in __call__\n    await self.app(scope, receive, send)\n  File \"D:\\baadal detection\\venv\\Lib\\site-packages\\starlette\\routing.py\", line 660, in __call__\n    await self.middleware_stack(scope, receive, send)\n  File \"D:\\baadal detection\\venv\\Lib\\site-packages\\starlette\\routing.py\", line 680, in app\n    await route.handle(scope, receive, send)\n  File \"D:\\baadal detection\\venv\\Lib\\site-packages\\starlette\\routing.py\", line 276, in handle\n    await self.app(scope, receive, send)\n  File \"D:\\baadal detection\\venv\\Lib\\site-packages\\fastapi\\routing.py\", line 134, in app\n    await wrap_app_handling_exceptions(app, request)(scope, receive, send)\n  File \"D:\\baadal detection\\venv\\Lib\\site-packages\\starlette\\_exception_handler.py\", line 53, in wrapped_app\n    raise exc\n  File \"D:\\baadal detection\\venv\\Lib\\site-packages\\starlette\\_exception_handler.py\", line 42, in wrapped_app\n    await app(scope, receive, sender)\n  File \"D:\\baadal detection\\venv\\Lib\\site-packages\\fastapi\\routing.py\", line 120, in app\n    response = await f(request)\n               ^^^^^^^^^^^^^^^^\n  File \"D:\\baadal detection\\venv\\Lib\\site-packages\\fastapi\\routing.py\", line 715, in app\n    response = actual_response_class(content, **response_args)\n  File \"D:\\baadal detection\\venv\\Lib\\site-packages\\starlette\\responses.py\", line 192, in __init__\n    super().__init__(content, status_code, headers, media_type, background)\n    ~~~~~~~~~~~~~~~~^^^^^^^^^^^^^^^^^^^^^^^^^^^^^^^^^^^^^^^^^^^^^^^^^^^^^^^\n  File \"D:\\baadal detection\\venv\\Lib\\site-packages\\starlette\\responses.py\", line 45, in __init__\n    self.body = self.render(content)\n                ~~~~~~~~~~~^^^^^^^^^\n  File \"D:\\baadal detection\\venv\\Lib\\site-packages\\starlette\\responses.py\", line 195, in render\n    return json.dumps(\n           ~~~~~~~~~~^\n        content,\n        ^^^^^^^^\n    ...<3 lines>...\n        separators=(\",\", \":\"),\n        ^^^^^^^^^^^^^^^^^^^^^^\n    ).encode(\"utf-8\")\n    ^\n  File \"C:\\Users\\lenovo\\AppData\\Local\\Programs\\Python\\Python313\\Lib\\json\\__init__.py\", line 238, in dumps\n    **kw).encode(obj)\n          ~~~~~~^^^^^\n  File \"C:\\Users\\lenovo\\AppData\\Local\\Programs\\Python\\Python313\\Lib\\json\\encoder.py\", line 200, in encode\n    chunks = self.iterencode(o, _one_shot=True)\n  File \"C:\\Users\\lenovo\\AppData\\Local\\Programs\\Python\\Python313\\Lib\\json\\encoder.py\", line 261, in iterencode\n    return _iterencode(o, 0)\nValueError: Out of range float values are not JSON compliant: nan"}
{"timestamp": "2026-06-14T11:48:11.038800+00:00", "level": "INFO", "logger": "core.database", "message": "Database initialized at D:\\baadal detection\\data\\aetherwatch_telemetry.db", "module": "database", "function": "init_db", "line": 102}
{"timestamp": "2026-06-14T11:48:16.634911+00:00", "level": "ERROR", "logger": "backend.main", "message": "Unhandled API exception", "module": "main", "function": "general_exception_handler", "line": 188, "exception": "Traceback (most recent call last):\n  File \"D:\\baadal detection\\venv\\Lib\\site-packages\\starlette\\middleware\\errors.py\", line 164, in __call__\n    await self.app(scope, receive, _send)\n  File \"D:\\baadal detection\\venv\\Lib\\site-packages\\starlette\\middleware\\base.py\", line 191, in __call__\n    with recv_stream, send_stream, collapse_excgroups():\n                                   ~~~~~~~~~~~~~~~~~~^^\n  File \"C:\\Users\\lenovo\\AppData\\Local\\Programs\\Python\\Python313\\Lib\\contextlib.py\", line 162, in __exit__\n    self.gen.throw(value)\n    ~~~~~~~~~~~~~~^^^^^^^\n  File \"D:\\baadal detection\\venv\\Lib\\site-packages\\starlette\\_utils.py\", line 87, in collapse_excgroups\n    raise exc\n  File \"D:\\baadal detection\\venv\\Lib\\site-packages\\starlette\\middleware\\base.py\", line 193, in __call__\n    response = await self.dispatch_func(request, call_next)\n               ^^^^^^^^^^^^^^^^^^^^^^^^^^^^^^^^^^^^^^^^^^^^\n  File \"D:\\baadal detection\\backend\\rate_limit.py\", line 40, in dispatch\n    return await call_next(request)\n           ^^^^^^^^^^^^^^^^^^^^^^^^\n  File \"D:\\baadal detection\\venv\\Lib\\site-packages\\starlette\\middleware\\base.py\", line 168, in call_next\n    raise app_exc from app_exc.__cause__ or app_exc.__context__\n  File \"D:\\baadal detection\\venv\\Lib\\site-packages\\starlette\\middleware\\base.py\", line 144, in coro\n    await self.app(scope, receive_or_disconnect, send_no_error)\n  File \"D:\\baadal detection\\venv\\Lib\\site-packages\\starlette\\middleware\\cors.py\", line 88, in __call__\n    await self.app(scope, receive, send)\n  File \"D:\\baadal detection\\venv\\Lib\\site-packages\\starlette\\middleware\\exceptions.py\", line 63, in __call__\n    await wrap_app_handling_exceptions(self.app, conn)(scope, receive, send)\n  File \"D:\\baadal detection\\venv\\Lib\\site-packages\\starlette\\_exception_handler.py\", line 53, in wrapped_app\n    raise exc\n  File \"D:\\baadal detection\\venv\\Lib\\site-packages\\starlette\\_exception_handler.py\", line 42, in wrapped_app\n    await app(scope, receive, sender)\n  File \"D:\\baadal detection\\venv\\Lib\\site-packages\\fastapi\\middleware\\asyncexitstack.py\", line 18, in __call__\n    await self.app(scope, receive, send)\n  File \"D:\\baadal detection\\venv\\Lib\\site-packages\\starlette\\routing.py\", line 660, in __call__\n    await self.middleware_stack(scope, receive, send)\n  File \"D:\\baadal detection\\venv\\Lib\\site-packages\\starlette\\routing.py\", line 680, in app\n    await route.handle(scope, receive, send)\n  File \"D:\\baadal detection\\venv\\Lib\\site-packages\\starlette\\routing.py\", line 276, in handle\n    await self.app(scope, receive, send)\n  File \"D:\\baadal detection\\venv\\Lib\\site-packages\\fastapi\\routing.py\", line 134, in app\n    await wrap_app_handling_exceptions(app, request)(scope, receive, send)\n  File \"D:\\baadal detection\\venv\\Lib\\site-packages\\starlette\\_exception_handler.py\", line 53, in wrapped_app\n    raise exc\n  File \"D:\\baadal detection\\venv\\Lib\\site-packages\\starlette\\_exception_handler.py\", line 42, in wrapped_app\n    await app(scope, receive, sender)\n  File \"D:\\baadal detection\\venv\\Lib\\site-packages\\fastapi\\routing.py\", line 120, in app\n    response = await f(request)\n               ^^^^^^^^^^^^^^^^\n  File \"D:\\baadal detection\\venv\\Lib\\site-packages\\fastapi\\routing.py\", line 715, in app\n    response = actual_response_class(content, **response_args)\n  File \"D:\\baadal detection\\venv\\Lib\\site-packages\\starlette\\responses.py\", line 192, in __init__\n    super().__init__(content, status_code, headers, media_type, background)\n    ~~~~~~~~~~~~~~~~^^^^^^^^^^^^^^^^^^^^^^^^^^^^^^^^^^^^^^^^^^^^^^^^^^^^^^^\n  File \"D:\\baadal detection\\venv\\Lib\\site-packages\\starlette\\responses.py\", line 45, in __init__\n    self.body = self.render(content)\n                ~~~~~~~~~~~^^^^^^^^^\n  File \"D:\\baadal detection\\venv\\Lib\\site-packages\\starlette\\responses.py\", line 195, in render\n    return json.dumps(\n           ~~~~~~~~~~^\n        content,\n        ^^^^^^^^\n    ...<3 lines>...\n        separators=(\",\", \":\"),\n        ^^^^^^^^^^^^^^^^^^^^^^\n    ).encode(\"utf-8\")\n    ^\n  File \"C:\\Users\\lenovo\\AppData\\Local\\Programs\\Python\\Python313\\Lib\\json\\__init__.py\", line 238, in dumps\n    **kw).encode(obj)\n          ~~~~~~^^^^^\n  File \"C:\\Users\\lenovo\\AppData\\Local\\Programs\\Python\\Python313\\Lib\\json\\encoder.py\", line 200, in encode\n    chunks = self.iterencode(o, _one_shot=True)\n  File \"C:\\Users\\lenovo\\AppData\\Local\\Programs\\Python\\Python313\\Lib\\json\\encoder.py\", line 261, in iterencode\n    return _iterencode(o, 0)\nValueError: Out of range float values are not JSON compliant: nan"}
{"timestamp": "2026-06-14T11:48:16.715798+00:00", "level": "INFO", "logger": "core.database", "message": "Database initialized at D:\\baadal detection\\data\\aetherwatch_telemetry.db", "module": "database", "function": "init_db", "line": 102}
{"timestamp": "2026-06-14T11:48:21.411500+00:00", "level": "ERROR", "logger": "backend.main", "message": "Unhandled API exception", "module": "main", "function": "general_exception_handler", "line": 188, "exception": "Traceback (most recent call last):\n  File \"D:\\baadal detection\\venv\\Lib\\site-packages\\starlette\\middleware\\errors.py\", line 164, in __call__\n    await self.app(scope, receive, _send)\n  File \"D:\\baadal detection\\venv\\Lib\\site-packages\\starlette\\middleware\\base.py\", line 191, in __call__\n    with recv_stream, send_stream, collapse_excgroups():\n                                   ~~~~~~~~~~~~~~~~~~^^\n  File \"C:\\Users\\lenovo\\AppData\\Local\\Programs\\Python\\Python313\\Lib\\contextlib.py\", line 162, in __exit__\n    self.gen.throw(value)\n    ~~~~~~~~~~~~~~^^^^^^^\n  File \"D:\\baadal detection\\venv\\Lib\\site-packages\\starlette\\_utils.py\", line 87, in collapse_excgroups\n    raise exc\n  File \"D:\\baadal detection\\venv\\Lib\\site-packages\\starlette\\middleware\\base.py\", line 193, in __call__\n    response = await self.dispatch_func(request, call_next)\n               ^^^^^^^^^^^^^^^^^^^^^^^^^^^^^^^^^^^^^^^^^^^^\n  File \"D:\\baadal detection\\backend\\rate_limit.py\", line 40, in dispatch\n    return await call_next(request)\n           ^^^^^^^^^^^^^^^^^^^^^^^^\n  File \"D:\\baadal detection\\venv\\Lib\\site-packages\\starlette\\middleware\\base.py\", line 168, in call_next\n    raise app_exc from app_exc.__cause__ or app_exc.__context__\n  File \"D:\\baadal detection\\venv\\Lib\\site-packages\\starlette\\middleware\\base.py\", line 144, in coro\n    await self.app(scope, receive_or_disconnect, send_no_error)\n  File \"D:\\baadal detection\\venv\\Lib\\site-packages\\starlette\\middleware\\cors.py\", line 88, in __call__\n    await self.app(scope, receive, send)\n  File \"D:\\baadal detection\\venv\\Lib\\site-packages\\starlette\\middleware\\exceptions.py\", line 63, in __call__\n    await wrap_app_handling_exceptions(self.app, conn)(scope, receive, send)\n  File \"D:\\baadal detection\\venv\\Lib\\site-packages\\starlette\\_exception_handler.py\", line 53, in wrapped_app\n    raise exc\n  File \"D:\\baadal detection\\venv\\Lib\\site-packages\\starlette\\_exception_handler.py\", line 42, in wrapped_app\n    await app(scope, receive, sender)\n  File \"D:\\baadal detection\\venv\\Lib\\site-packages\\fastapi\\middleware\\asyncexitstack.py\", line 18, in __call__\n    await self.app(scope, receive, send)\n  File \"D:\\baadal detection\\venv\\Lib\\site-packages\\starlette\\routing.py\", line 660, in __call__\n    await self.middleware_stack(scope, receive, send)\n  File \"D:\\baadal detection\\venv\\Lib\\site-packages\\starlette\\routing.py\", line 680, in app\n    await route.handle(scope, receive, send)\n  File \"D:\\baadal detection\\venv\\Lib\\site-packages\\starlette\\routing.py\", line 276, in handle\n    await self.app(scope, receive, send)\n  File \"D:\\baadal detection\\venv\\Lib\\site-packages\\fastapi\\routing.py\", line 134, in app\n    await wrap_app_handling_exceptions(app, request)(scope, receive, send)\n  File \"D:\\baadal detection\\venv\\Lib\\site-packages\\starlette\\_exception_handler.py\", line 53, in wrapped_app\n    raise exc\n  File \"D:\\baadal detection\\venv\\Lib\\site-packages\\starlette\\_exception_handler.py\", line 42, in wrapped_app\n    await app(scope, receive, sender)\n  File \"D:\\baadal detection\\venv\\Lib\\site-packages\\fastapi\\routing.py\", line 120, in app\n    response = await f(request)\n               ^^^^^^^^^^^^^^^^\n  File \"D:\\baadal detection\\venv\\Lib\\site-packages\\fastapi\\routing.py\", line 715, in app\n    response = actual_response_class(content, **response_args)\n  File \"D:\\baadal detection\\venv\\Lib\\site-packages\\starlette\\responses.py\", line 192, in __init__\n    super().__init__(content, status_code, headers, media_type, background)\n    ~~~~~~~~~~~~~~~~^^^^^^^^^^^^^^^^^^^^^^^^^^^^^^^^^^^^^^^^^^^^^^^^^^^^^^^\n  File \"D:\\baadal detection\\venv\\Lib\\site-packages\\starlette\\responses.py\", line 45, in __init__\n    self.body = self.render(content)\n                ~~~~~~~~~~~^^^^^^^^^\n  File \"D:\\baadal detection\\venv\\Lib\\site-packages\\starlette\\responses.py\", line 195, in render\n    return json.dumps(\n           ~~~~~~~~~~^\n        content,\n        ^^^^^^^^\n    ...<3 lines>...\n        separators=(\",\", \":\"),\n        ^^^^^^^^^^^^^^^^^^^^^^\n    ).encode(\"utf-8\")\n    ^\n  File \"C:\\Users\\lenovo\\AppData\\Local\\Programs\\Python\\Python313\\Lib\\json\\__init__.py\", line 238, in dumps\n    **kw).encode(obj)\n          ~~~~~~^^^^^\n  File \"C:\\Users\\lenovo\\AppData\\Local\\Programs\\Python\\Python313\\Lib\\json\\encoder.py\", line 200, in encode\n    chunks = self.iterencode(o, _one_shot=True)\n  File \"C:\\Users\\lenovo\\AppData\\Local\\Programs\\Python\\Python313\\Lib\\json\\encoder.py\", line 261, in iterencode\n    return _iterencode(o, 0)\nValueError: Out of range float values are not JSON compliant: nan"}
{"timestamp": "2026-06-14T11:48:21.442643+00:00", "level": "INFO", "logger": "core.database", "message": "Database initialized at D:\\baadal detection\\data\\aetherwatch_telemetry.db", "module": "database", "function": "init_db", "line": 102}
{"timestamp": "2026-06-14T11:48:25.502977+00:00", "level": "ERROR", "logger": "backend.main", "message": "Unhandled API exception", "module": "main", "function": "general_exception_handler", "line": 188, "exception": "Traceback (most recent call last):\n  File \"D:\\baadal detection\\venv\\Lib\\site-packages\\starlette\\middleware\\errors.py\", line 164, in __call__\n    await self.app(scope, receive, _send)\n  File \"D:\\baadal detection\\venv\\Lib\\site-packages\\starlette\\middleware\\base.py\", line 191, in __call__\n    with recv_stream, send_stream, collapse_excgroups():\n                                   ~~~~~~~~~~~~~~~~~~^^\n  File \"C:\\Users\\lenovo\\AppData\\Local\\Programs\\Python\\Python313\\Lib\\contextlib.py\", line 162, in __exit__\n    self.gen.throw(value)\n    ~~~~~~~~~~~~~~^^^^^^^\n  File \"D:\\baadal detection\\venv\\Lib\\site-packages\\starlette\\_utils.py\", line 87, in collapse_excgroups\n    raise exc\n  File \"D:\\baadal detection\\venv\\Lib\\site-packages\\starlette\\middleware\\base.py\", line 193, in __call__\n    response = await self.dispatch_func(request, call_next)\n               ^^^^^^^^^^^^^^^^^^^^^^^^^^^^^^^^^^^^^^^^^^^^\n  File \"D:\\baadal detection\\backend\\rate_limit.py\", line 40, in dispatch\n    return await call_next(request)\n           ^^^^^^^^^^^^^^^^^^^^^^^^\n  File \"D:\\baadal detection\\venv\\Lib\\site-packages\\starlette\\middleware\\base.py\", line 168, in call_next\n    raise app_exc from app_exc.__cause__ or app_exc.__context__\n  File \"D:\\baadal detection\\venv\\Lib\\site-packages\\starlette\\middleware\\base.py\", line 144, in coro\n    await self.app(scope, receive_or_disconnect, send_no_error)\n  File \"D:\\baadal detection\\venv\\Lib\\site-packages\\starlette\\middleware\\cors.py\", line 88, in __call__\n    await self.app(scope, receive, send)\n  File \"D:\\baadal detection\\venv\\Lib\\site-packages\\starlette\\middleware\\exceptions.py\", line 63, in __call__\n    await wrap_app_handling_exceptions(self.app, conn)(scope, receive, send)\n  File \"D:\\baadal detection\\venv\\Lib\\site-packages\\starlette\\_exception_handler.py\", line 53, in wrapped_app\n    raise exc\n  File \"D:\\baadal detection\\venv\\Lib\\site-packages\\starlette\\_exception_handler.py\", line 42, in wrapped_app\n    await app(scope, receive, sender)\n  File \"D:\\baadal detection\\venv\\Lib\\site-packages\\fastapi\\middleware\\asyncexitstack.py\", line 18, in __call__\n    await self.app(scope, receive, send)\n  File \"D:\\baadal detection\\venv\\Lib\\site-packages\\starlette\\routing.py\", line 660, in __call__\n    await self.middleware_stack(scope, receive, send)\n  File \"D:\\baadal detection\\venv\\Lib\\site-packages\\starlette\\routing.py\", line 680, in app\n    await route.handle(scope, receive, send)\n  File \"D:\\baadal detection\\venv\\Lib\\site-packages\\starlette\\routing.py\", line 276, in handle\n    await self.app(scope, receive, send)\n  File \"D:\\baadal detection\\venv\\Lib\\site-packages\\fastapi\\routing.py\", line 134, in app\n    await wrap_app_handling_exceptions(app, request)(scope, receive, send)\n  File \"D:\\baadal detection\\venv\\Lib\\site-packages\\starlette\\_exception_handler.py\", line 53, in wrapped_app\n    raise exc\n  File \"D:\\baadal detection\\venv\\Lib\\site-packages\\starlette\\_exception_handler.py\", line 42, in wrapped_app\n    await app(scope, receive, sender)\n  File \"D:\\baadal detection\\venv\\Lib\\site-packages\\fastapi\\routing.py\", line 120, in app\n    response = await f(request)\n               ^^^^^^^^^^^^^^^^\n  File \"D:\\baadal detection\\venv\\Lib\\site-packages\\fastapi\\routing.py\", line 715, in app\n    response = actual_response_class(content, **response_args)\n  File \"D:\\baadal detection\\venv\\Lib\\site-packages\\starlette\\responses.py\", line 192, in __init__\n    super().__init__(content, status_code, headers, media_type, background)\n    ~~~~~~~~~~~~~~~~^^^^^^^^^^^^^^^^^^^^^^^^^^^^^^^^^^^^^^^^^^^^^^^^^^^^^^^\n  File \"D:\\baadal detection\\venv\\Lib\\site-packages\\starlette\\responses.py\", line 45, in __init__\n    self.body = self.render(content)\n                ~~~~~~~~~~~^^^^^^^^^\n  File \"D:\\baadal detection\\venv\\Lib\\site-packages\\starlette\\responses.py\", line 195, in render\n    return json.dumps(\n           ~~~~~~~~~~^\n        content,\n        ^^^^^^^^\n    ...<3 lines>...\n        separators=(\",\", \":\"),\n        ^^^^^^^^^^^^^^^^^^^^^^\n    ).encode(\"utf-8\")\n    ^\n  File \"C:\\Users\\lenovo\\AppData\\Local\\Programs\\Python\\Python313\\Lib\\json\\__init__.py\", line 238, in dumps\n    **kw).encode(obj)\n          ~~~~~~^^^^^\n  File \"C:\\Users\\lenovo\\AppData\\Local\\Programs\\Python\\Python313\\Lib\\json\\encoder.py\", line 200, in encode\n    chunks = self.iterencode(o, _one_shot=True)\n  File \"C:\\Users\\lenovo\\AppData\\Local\\Programs\\Python\\Python313\\Lib\\json\\encoder.py\", line 261, in iterencode\n    return _iterencode(o, 0)\nValueError: Out of range float values are not JSON compliant: nan"}
{"timestamp": "2026-06-14T11:49:30.956548+00:00", "level": "INFO", "logger": "core.database", "message": "Database initialized at D:\\baadal detection\\data\\aetherwatch_telemetry.db", "module": "database", "function": "init_db", "line": 102}
{"timestamp": "2026-06-14T11:49:41.530235+00:00", "level": "ERROR", "logger": "backend.main", "message": "Unhandled API exception", "module": "main", "function": "general_exception_handler", "line": 188, "exception": "Traceback (most recent call last):\n  File \"D:\\baadal detection\\venv\\Lib\\site-packages\\starlette\\middleware\\errors.py\", line 164, in __call__\n    await self.app(scope, receive, _send)\n  File \"D:\\baadal detection\\venv\\Lib\\site-packages\\starlette\\middleware\\base.py\", line 191, in __call__\n    with recv_stream, send_stream, collapse_excgroups():\n                                   ~~~~~~~~~~~~~~~~~~^^\n  File \"C:\\Users\\lenovo\\AppData\\Local\\Programs\\Python\\Python313\\Lib\\contextlib.py\", line 162, in __exit__\n    self.gen.throw(value)\n    ~~~~~~~~~~~~~~^^^^^^^\n  File \"D:\\baadal detection\\venv\\Lib\\site-packages\\starlette\\_utils.py\", line 87, in collapse_excgroups\n    raise exc\n  File \"D:\\baadal detection\\venv\\Lib\\site-packages\\starlette\\middleware\\base.py\", line 193, in __call__\n    response = await self.dispatch_func(request, call_next)\n               ^^^^^^^^^^^^^^^^^^^^^^^^^^^^^^^^^^^^^^^^^^^^\n  File \"D:\\baadal detection\\backend\\rate_limit.py\", line 40, in dispatch\n    timestamps.popleft()\n    ~~~~~~~~~~~~~~~~~~^^\n  File \"D:\\baadal detection\\venv\\Lib\\site-packages\\starlette\\middleware\\base.py\", line 168, in call_next\n    raise app_exc from app_exc.__cause__ or app_exc.__context__\n  File \"D:\\baadal detection\\venv\\Lib\\site-packages\\starlette\\middleware\\base.py\", line 144, in coro\n    await self.app(scope, receive_or_disconnect, send_no_error)\n  File \"D:\\baadal detection\\venv\\Lib\\site-packages\\starlette\\middleware\\cors.py\", line 88, in __call__\n    await self.app(scope, receive, send)\n  File \"D:\\baadal detection\\venv\\Lib\\site-packages\\starlette\\middleware\\exceptions.py\", line 63, in __call__\n    await wrap_app_handling_exceptions(self.app, conn)(scope, receive, send)\n  File \"D:\\baadal detection\\venv\\Lib\\site-packages\\starlette\\_exception_handler.py\", line 53, in wrapped_app\n    raise exc\n  File \"D:\\baadal detection\\venv\\Lib\\site-packages\\starlette\\_exception_handler.py\", line 42, in wrapped_app\n    await app(scope, receive, sender)\n  File \"D:\\baadal detection\\venv\\Lib\\site-packages\\fastapi\\middleware\\asyncexitstack.py\", line 18, in __call__\n    await self.app(scope, receive, send)\n  File \"D:\\baadal detection\\venv\\Lib\\site-packages\\starlette\\routing.py\", line 660, in __call__\n    await self.middleware_stack(scope, receive, send)\n  File \"D:\\baadal detection\\venv\\Lib\\site-packages\\starlette\\routing.py\", line 680, in app\n    await route.handle(scope, receive, send)\n  File \"D:\\baadal detection\\venv\\Lib\\site-packages\\starlette\\routing.py\", line 276, in handle\n    await self.app(scope, receive, send)\n  File \"D:\\baadal detection\\venv\\Lib\\site-packages\\fastapi\\routing.py\", line 134, in app\n    await wrap_app_handling_exceptions(app, request)(scope, receive, send)\n  File \"D:\\baadal detection\\venv\\Lib\\site-packages\\starlette\\_exception_handler.py\", line 53, in wrapped_app\n    raise exc\n  File \"D:\\baadal detection\\venv\\Lib\\site-packages\\starlette\\_exception_handler.py\", line 42, in wrapped_app\n    await app(scope, receive, sender)\n  File \"D:\\baadal detection\\venv\\Lib\\site-packages\\fastapi\\routing.py\", line 120, in app\n    response = await f(request)\n               ^^^^^^^^^^^^^^^^\n  File \"D:\\baadal detection\\venv\\Lib\\site-packages\\fastapi\\routing.py\", line 715, in app\n    response = actual_response_class(content, **response_args)\n  File \"D:\\baadal detection\\venv\\Lib\\site-packages\\starlette\\responses.py\", line 192, in __init__\n    super().__init__(content, status_code, headers, media_type, background)\n    ~~~~~~~~~~~~~~~~^^^^^^^^^^^^^^^^^^^^^^^^^^^^^^^^^^^^^^^^^^^^^^^^^^^^^^^\n  File \"D:\\baadal detection\\venv\\Lib\\site-packages\\starlette\\responses.py\", line 45, in __init__\n    self.body = self.render(content)\n                ~~~~~~~~~~~^^^^^^^^^\n  File \"D:\\baadal detection\\venv\\Lib\\site-packages\\starlette\\responses.py\", line 195, in render\n    return json.dumps(\n           ~~~~~~~~~~^\n        content,\n        ^^^^^^^^\n    ...<3 lines>...\n        separators=(\",\", \":\"),\n        ^^^^^^^^^^^^^^^^^^^^^^\n    ).encode(\"utf-8\")\n    ^\n  File \"C:\\Users\\lenovo\\AppData\\Local\\Programs\\Python\\Python313\\Lib\\json\\__init__.py\", line 238, in dumps\n    **kw).encode(obj)\n          ~~~~~~^^^^^\n  File \"C:\\Users\\lenovo\\AppData\\Local\\Programs\\Python\\Python313\\Lib\\json\\encoder.py\", line 200, in encode\n    chunks = self.iterencode(o, _one_shot=True)\n  File \"C:\\Users\\lenovo\\AppData\\Local\\Programs\\Python\\Python313\\Lib\\json\\encoder.py\", line 261, in iterencode\n    return _iterencode(o, 0)\nValueError: Out of range float values are not JSON compliant: nan"}
{"timestamp": "2026-06-14T11:49:41.662376+00:00", "level": "INFO", "logger": "core.database", "message": "Database initialized at D:\\baadal detection\\data\\aetherwatch_telemetry.db", "module": "database", "function": "init_db", "line": 102}
{"timestamp": "2026-06-14T11:49:47.652436+00:00", "level": "ERROR", "logger": "backend.main", "message": "Unhandled API exception", "module": "main", "function": "general_exception_handler", "line": 188, "exception": "Traceback (most recent call last):\n  File \"D:\\baadal detection\\venv\\Lib\\site-packages\\starlette\\middleware\\errors.py\", line 164, in __call__\n    await self.app(scope, receive, _send)\n  File \"D:\\baadal detection\\venv\\Lib\\site-packages\\starlette\\middleware\\base.py\", line 191, in __call__\n    with recv_stream, send_stream, collapse_excgroups():\n                                   ~~~~~~~~~~~~~~~~~~^^\n  File \"C:\\Users\\lenovo\\AppData\\Local\\Programs\\Python\\Python313\\Lib\\contextlib.py\", line 162, in __exit__\n    self.gen.throw(value)\n    ~~~~~~~~~~~~~~^^^^^^^\n  File \"D:\\baadal detection\\venv\\Lib\\site-packages\\starlette\\_utils.py\", line 87, in collapse_excgroups\n    raise exc\n  File \"D:\\baadal detection\\venv\\Lib\\site-packages\\starlette\\middleware\\base.py\", line 193, in __call__\n    response = await self.dispatch_func(request, call_next)\n               ^^^^^^^^^^^^^^^^^^^^^^^^^^^^^^^^^^^^^^^^^^^^\n  File \"D:\\baadal detection\\backend\\rate_limit.py\", line 40, in dispatch\n    timestamps.popleft()\n    ~~~~~~~~~~~~~~~~~~^^\n  File \"D:\\baadal detection\\venv\\Lib\\site-packages\\starlette\\middleware\\base.py\", line 168, in call_next\n    raise app_exc from app_exc.__cause__ or app_exc.__context__\n  File \"D:\\baadal detection\\venv\\Lib\\site-packages\\starlette\\middleware\\base.py\", line 144, in coro\n    await self.app(scope, receive_or_disconnect, send_no_error)\n  File \"D:\\baadal detection\\venv\\Lib\\site-packages\\starlette\\middleware\\cors.py\", line 88, in __call__\n    await self.app(scope, receive, send)\n  File \"D:\\baadal detection\\venv\\Lib\\site-packages\\starlette\\middleware\\exceptions.py\", line 63, in __call__\n    await wrap_app_handling_exceptions(self.app, conn)(scope, receive, send)\n  File \"D:\\baadal detection\\venv\\Lib\\site-packages\\starlette\\_exception_handler.py\", line 53, in wrapped_app\n    raise exc\n  File \"D:\\baadal detection\\venv\\Lib\\site-packages\\starlette\\_exception_handler.py\", line 42, in wrapped_app\n    await app(scope, receive, sender)\n  File \"D:\\baadal detection\\venv\\Lib\\site-packages\\fastapi\\middleware\\asyncexitstack.py\", line 18, in __call__\n    await self.app(scope, receive, send)\n  File \"D:\\baadal detection\\venv\\Lib\\site-packages\\starlette\\routing.py\", line 660, in __call__\n    await self.middleware_stack(scope, receive, send)\n  File \"D:\\baadal detection\\venv\\Lib\\site-packages\\starlette\\routing.py\", line 680, in app\n    await route.handle(scope, receive, send)\n  File \"D:\\baadal detection\\venv\\Lib\\site-packages\\starlette\\routing.py\", line 276, in handle\n    await self.app(scope, receive, send)\n  File \"D:\\baadal detection\\venv\\Lib\\site-packages\\fastapi\\routing.py\", line 134, in app\n    await wrap_app_handling_exceptions(app, request)(scope, receive, send)\n  File \"D:\\baadal detection\\venv\\Lib\\site-packages\\starlette\\_exception_handler.py\", line 53, in wrapped_app\n    raise exc\n  File \"D:\\baadal detection\\venv\\Lib\\site-packages\\starlette\\_exception_handler.py\", line 42, in wrapped_app\n    await app(scope, receive, sender)\n  File \"D:\\baadal detection\\venv\\Lib\\site-packages\\fastapi\\routing.py\", line 120, in app\n    response = await f(request)\n               ^^^^^^^^^^^^^^^^\n  File \"D:\\baadal detection\\venv\\Lib\\site-packages\\fastapi\\routing.py\", line 715, in app\n    response = actual_response_class(content, **response_args)\n  File \"D:\\baadal detection\\venv\\Lib\\site-packages\\starlette\\responses.py\", line 192, in __init__\n    super().__init__(content, status_code, headers, media_type, background)\n    ~~~~~~~~~~~~~~~~^^^^^^^^^^^^^^^^^^^^^^^^^^^^^^^^^^^^^^^^^^^^^^^^^^^^^^^\n  File \"D:\\baadal detection\\venv\\Lib\\site-packages\\starlette\\responses.py\", line 45, in __init__\n    self.body = self.render(content)\n                ~~~~~~~~~~~^^^^^^^^^\n  File \"D:\\baadal detection\\venv\\Lib\\site-packages\\starlette\\responses.py\", line 195, in render\n    return json.dumps(\n           ~~~~~~~~~~^\n        content,\n        ^^^^^^^^\n    ...<3 lines>...\n        separators=(\",\", \":\"),\n        ^^^^^^^^^^^^^^^^^^^^^^\n    ).encode(\"utf-8\")\n    ^\n  File \"C:\\Users\\lenovo\\AppData\\Local\\Programs\\Python\\Python313\\Lib\\json\\__init__.py\", line 238, in dumps\n    **kw).encode(obj)\n          ~~~~~~^^^^^\n  File \"C:\\Users\\lenovo\\AppData\\Local\\Programs\\Python\\Python313\\Lib\\json\\encoder.py\", line 200, in encode\n    chunks = self.iterencode(o, _one_shot=True)\n  File \"C:\\Users\\lenovo\\AppData\\Local\\Programs\\Python\\Python313\\Lib\\json\\encoder.py\", line 261, in iterencode\n    return _iterencode(o, 0)\nValueError: Out of range float values are not JSON compliant: nan"}
{"timestamp": "2026-06-14T11:49:47.729667+00:00", "level": "INFO", "logger": "core.database", "message": "Database initialized at D:\\baadal detection\\data\\aetherwatch_telemetry.db", "module": "database", "function": "init_db", "line": 102}
{"timestamp": "2026-06-14T11:49:52.019628+00:00", "level": "ERROR", "logger": "backend.main", "message": "Unhandled API exception", "module": "main", "function": "general_exception_handler", "line": 188, "exception": "Traceback (most recent call last):\n  File \"D:\\baadal detection\\venv\\Lib\\site-packages\\starlette\\middleware\\errors.py\", line 164, in __call__\n    await self.app(scope, receive, _send)\n  File \"D:\\baadal detection\\venv\\Lib\\site-packages\\starlette\\middleware\\base.py\", line 191, in __call__\n    with recv_stream, send_stream, collapse_excgroups():\n                                   ~~~~~~~~~~~~~~~~~~^^\n  File \"C:\\Users\\lenovo\\AppData\\Local\\Programs\\Python\\Python313\\Lib\\contextlib.py\", line 162, in __exit__\n    self.gen.throw(value)\n    ~~~~~~~~~~~~~~^^^^^^^\n  File \"D:\\baadal detection\\venv\\Lib\\site-packages\\starlette\\_utils.py\", line 87, in collapse_excgroups\n    raise exc\n  File \"D:\\baadal detection\\venv\\Lib\\site-packages\\starlette\\middleware\\base.py\", line 193, in __call__\n    response = await self.dispatch_func(request, call_next)\n               ^^^^^^^^^^^^^^^^^^^^^^^^^^^^^^^^^^^^^^^^^^^^\n  File \"D:\\baadal detection\\backend\\rate_limit.py\", line 40, in dispatch\n    timestamps.popleft()\n    ~~~~~~~~~~~~~~~~~~^^\n  File \"D:\\baadal detection\\venv\\Lib\\site-packages\\starlette\\middleware\\base.py\", line 168, in call_next\n    raise app_exc from app_exc.__cause__ or app_exc.__context__\n  File \"D:\\baadal detection\\venv\\Lib\\site-packages\\starlette\\middleware\\base.py\", line 144, in coro\n    await self.app(scope, receive_or_disconnect, send_no_error)\n  File \"D:\\baadal detection\\venv\\Lib\\site-packages\\starlette\\middleware\\cors.py\", line 88, in __call__\n    await self.app(scope, receive, send)\n  File \"D:\\baadal detection\\venv\\Lib\\site-packages\\starlette\\middleware\\exceptions.py\", line 63, in __call__\n    await wrap_app_handling_exceptions(self.app, conn)(scope, receive, send)\n  File \"D:\\baadal detection\\venv\\Lib\\site-packages\\starlette\\_exception_handler.py\", line 53, in wrapped_app\n    raise exc\n  File \"D:\\baadal detection\\venv\\Lib\\site-packages\\starlette\\_exception_handler.py\", line 42, in wrapped_app\n    await app(scope, receive, sender)\n  File \"D:\\baadal detection\\venv\\Lib\\site-packages\\fastapi\\middleware\\asyncexitstack.py\", line 18, in __call__\n    await self.app(scope, receive, send)\n  File \"D:\\baadal detection\\venv\\Lib\\site-packages\\starlette\\routing.py\", line 660, in __call__\n    await self.middleware_stack(scope, receive, send)\n  File \"D:\\baadal detection\\venv\\Lib\\site-packages\\starlette\\routing.py\", line 680, in app\n    await route.handle(scope, receive, send)\n  File \"D:\\baadal detection\\venv\\Lib\\site-packages\\starlette\\routing.py\", line 276, in handle\n    await self.app(scope, receive, send)\n  File \"D:\\baadal detection\\venv\\Lib\\site-packages\\fastapi\\routing.py\", line 134, in app\n    await wrap_app_handling_exceptions(app, request)(scope, receive, send)\n  File \"D:\\baadal detection\\venv\\Lib\\site-packages\\starlette\\_exception_handler.py\", line 53, in wrapped_app\n    raise exc\n  File \"D:\\baadal detection\\venv\\Lib\\site-packages\\starlette\\_exception_handler.py\", line 42, in wrapped_app\n    await app(scope, receive, sender)\n  File \"D:\\baadal detection\\venv\\Lib\\site-packages\\fastapi\\routing.py\", line 120, in app\n    response = await f(request)\n               ^^^^^^^^^^^^^^^^\n  File \"D:\\baadal detection\\venv\\Lib\\site-packages\\fastapi\\routing.py\", line 715, in app\n    response = actual_response_class(content, **response_args)\n  File \"D:\\baadal detection\\venv\\Lib\\site-packages\\starlette\\responses.py\", line 192, in __init__\n    super().__init__(content, status_code, headers, media_type, background)\n    ~~~~~~~~~~~~~~~~^^^^^^^^^^^^^^^^^^^^^^^^^^^^^^^^^^^^^^^^^^^^^^^^^^^^^^^\n  File \"D:\\baadal detection\\venv\\Lib\\site-packages\\starlette\\responses.py\", line 45, in __init__\n    self.body = self.render(content)\n                ~~~~~~~~~~~^^^^^^^^^\n  File \"D:\\baadal detection\\venv\\Lib\\site-packages\\starlette\\responses.py\", line 195, in render\n    return json.dumps(\n           ~~~~~~~~~~^\n        content,\n        ^^^^^^^^\n    ...<3 lines>...\n        separators=(\",\", \":\"),\n        ^^^^^^^^^^^^^^^^^^^^^^\n    ).encode(\"utf-8\")\n    ^\n  File \"C:\\Users\\lenovo\\AppData\\Local\\Programs\\Python\\Python313\\Lib\\json\\__init__.py\", line 238, in dumps\n    **kw).encode(obj)\n          ~~~~~~^^^^^\n  File \"C:\\Users\\lenovo\\AppData\\Local\\Programs\\Python\\Python313\\Lib\\json\\encoder.py\", line 200, in encode\n    chunks = self.iterencode(o, _one_shot=True)\n  File \"C:\\Users\\lenovo\\AppData\\Local\\Programs\\Python\\Python313\\Lib\\json\\encoder.py\", line 261, in iterencode\n    return _iterencode(o, 0)\nValueError: Out of range float values are not JSON compliant: nan"}
{"timestamp": "2026-06-14T11:49:52.077672+00:00", "level": "INFO", "logger": "core.database", "message": "Database initialized at D:\\baadal detection\\data\\aetherwatch_telemetry.db", "module": "database", "function": "init_db", "line": 102}
{"timestamp": "2026-06-14T11:49:56.541804+00:00", "level": "ERROR", "logger": "backend.main", "message": "Unhandled API exception", "module": "main", "function": "general_exception_handler", "line": 188, "exception": "Traceback (most recent call last):\n  File \"D:\\baadal detection\\venv\\Lib\\site-packages\\starlette\\middleware\\errors.py\", line 164, in __call__\n    await self.app(scope, receive, _send)\n  File \"D:\\baadal detection\\venv\\Lib\\site-packages\\starlette\\middleware\\base.py\", line 191, in __call__\n    with recv_stream, send_stream, collapse_excgroups():\n                                   ~~~~~~~~~~~~~~~~~~^^\n  File \"C:\\Users\\lenovo\\AppData\\Local\\Programs\\Python\\Python313\\Lib\\contextlib.py\", line 162, in __exit__\n    self.gen.throw(value)\n    ~~~~~~~~~~~~~~^^^^^^^\n  File \"D:\\baadal detection\\venv\\Lib\\site-packages\\starlette\\_utils.py\", line 87, in collapse_excgroups\n    raise exc\n  File \"D:\\baadal detection\\venv\\Lib\\site-packages\\starlette\\middleware\\base.py\", line 193, in __call__\n    response = await self.dispatch_func(request, call_next)\n               ^^^^^^^^^^^^^^^^^^^^^^^^^^^^^^^^^^^^^^^^^^^^\n  File \"D:\\baadal detection\\backend\\rate_limit.py\", line 40, in dispatch\n    timestamps.popleft()\n    ~~~~~~~~~~~~~~~~~~^^\n  File \"D:\\baadal detection\\venv\\Lib\\site-packages\\starlette\\middleware\\base.py\", line 168, in call_next\n    raise app_exc from app_exc.__cause__ or app_exc.__context__\n  File \"D:\\baadal detection\\venv\\Lib\\site-packages\\starlette\\middleware\\base.py\", line 144, in coro\n    await self.app(scope, receive_or_disconnect, send_no_error)\n  File \"D:\\baadal detection\\venv\\Lib\\site-packages\\starlette\\middleware\\cors.py\", line 88, in __call__\n    await self.app(scope, receive, send)\n  File \"D:\\baadal detection\\venv\\Lib\\site-packages\\starlette\\middleware\\exceptions.py\", line 63, in __call__\n    await wrap_app_handling_exceptions(self.app, conn)(scope, receive, send)\n  File \"D:\\baadal detection\\venv\\Lib\\site-packages\\starlette\\_exception_handler.py\", line 53, in wrapped_app\n    raise exc\n  File \"D:\\baadal detection\\venv\\Lib\\site-packages\\starlette\\_exception_handler.py\", line 42, in wrapped_app\n    await app(scope, receive, sender)\n  File \"D:\\baadal detection\\venv\\Lib\\site-packages\\fastapi\\middleware\\asyncexitstack.py\", line 18, in __call__\n    await self.app(scope, receive, send)\n  File \"D:\\baadal detection\\venv\\Lib\\site-packages\\starlette\\routing.py\", line 660, in __call__\n    await self.middleware_stack(scope, receive, send)\n  File \"D:\\baadal detection\\venv\\Lib\\site-packages\\starlette\\routing.py\", line 680, in app\n    await route.handle(scope, receive, send)\n  File \"D:\\baadal detection\\venv\\Lib\\site-packages\\starlette\\routing.py\", line 276, in handle\n    await self.app(scope, receive, send)\n  File \"D:\\baadal detection\\venv\\Lib\\site-packages\\fastapi\\routing.py\", line 134, in app\n    await wrap_app_handling_exceptions(app, request)(scope, receive, send)\n  File \"D:\\baadal detection\\venv\\Lib\\site-packages\\starlette\\_exception_handler.py\", line 53, in wrapped_app\n    raise exc\n  File \"D:\\baadal detection\\venv\\Lib\\site-packages\\starlette\\_exception_handler.py\", line 42, in wrapped_app\n    await app(scope, receive, sender)\n  File \"D:\\baadal detection\\venv\\Lib\\site-packages\\fastapi\\routing.py\", line 120, in app\n    response = await f(request)\n               ^^^^^^^^^^^^^^^^\n  File \"D:\\baadal detection\\venv\\Lib\\site-packages\\fastapi\\routing.py\", line 715, in app\n    response = actual_response_class(content, **response_args)\n  File \"D:\\baadal detection\\venv\\Lib\\site-packages\\starlette\\responses.py\", line 192, in __init__\n    super().__init__(content, status_code, headers, media_type, background)\n    ~~~~~~~~~~~~~~~~^^^^^^^^^^^^^^^^^^^^^^^^^^^^^^^^^^^^^^^^^^^^^^^^^^^^^^^\n  File \"D:\\baadal detection\\venv\\Lib\\site-packages\\starlette\\responses.py\", line 45, in __init__\n    self.body = self.render(content)\n                ~~~~~~~~~~~^^^^^^^^^\n  File \"D:\\baadal detection\\venv\\Lib\\site-packages\\starlette\\responses.py\", line 195, in render\n    return json.dumps(\n           ~~~~~~~~~~^\n        content,\n        ^^^^^^^^\n    ...<3 lines>...\n        separators=(\",\", \":\"),\n        ^^^^^^^^^^^^^^^^^^^^^^\n    ).encode(\"utf-8\")\n    ^\n  File \"C:\\Users\\lenovo\\AppData\\Local\\Programs\\Python\\Python313\\Lib\\json\\__init__.py\", line 238, in dumps\n    **kw).encode(obj)\n          ~~~~~~^^^^^\n  File \"C:\\Users\\lenovo\\AppData\\Local\\Programs\\Python\\Python313\\Lib\\json\\encoder.py\", line 200, in encode\n    chunks = self.iterencode(o, _one_shot=True)\n  File \"C:\\Users\\lenovo\\AppData\\Local\\Programs\\Python\\Python313\\Lib\\json\\encoder.py\", line 261, in iterencode\n    return _iterencode(o, 0)\nValueError: Out of range float values are not JSON compliant: nan"}
{"timestamp": "2026-06-14T11:50:37.660305+00:00", "level": "INFO", "logger": "core.database", "message": "Database initialized at D:\\baadal detection\\data\\aetherwatch_telemetry.db", "module": "database", "function": "init_db", "line": 102}
{"timestamp": "2026-06-14T11:50:41.862630+00:00", "level": "ERROR", "logger": "backend.main", "message": "Unhandled API exception", "module": "main", "function": "general_exception_handler", "line": 188, "exception": "Traceback (most recent call last):\n  File \"D:\\baadal detection\\venv\\Lib\\site-packages\\starlette\\middleware\\errors.py\", line 164, in __call__\n    await self.app(scope, receive, _send)\n  File \"D:\\baadal detection\\venv\\Lib\\site-packages\\starlette\\middleware\\base.py\", line 191, in __call__\n    with recv_stream, send_stream, collapse_excgroups():\n                                   ~~~~~~~~~~~~~~~~~~^^\n  File \"C:\\Users\\lenovo\\AppData\\Local\\Programs\\Python\\Python313\\Lib\\contextlib.py\", line 162, in __exit__\n    self.gen.throw(value)\n    ~~~~~~~~~~~~~~^^^^^^^\n  File \"D:\\baadal detection\\venv\\Lib\\site-packages\\starlette\\_utils.py\", line 87, in collapse_excgroups\n    raise exc\n  File \"D:\\baadal detection\\venv\\Lib\\site-packages\\starlette\\middleware\\base.py\", line 193, in __call__\n    response = await self.dispatch_func(request, call_next)\n               ^^^^^^^^^^^^^^^^^^^^^^^^^^^^^^^^^^^^^^^^^^^^\n  File \"D:\\baadal detection\\backend\\rate_limit.py\", line 40, in dispatch\n    now = time.monotonic()\n           ~~~~~~~~~~~~~^^\n  File \"D:\\baadal detection\\venv\\Lib\\site-packages\\starlette\\middleware\\base.py\", line 168, in call_next\n    raise app_exc from app_exc.__cause__ or app_exc.__context__\n  File \"D:\\baadal detection\\venv\\Lib\\site-packages\\starlette\\middleware\\base.py\", line 144, in coro\n    await self.app(scope, receive_or_disconnect, send_no_error)\n  File \"D:\\baadal detection\\venv\\Lib\\site-packages\\starlette\\middleware\\cors.py\", line 88, in __call__\n    await self.app(scope, receive, send)\n  File \"D:\\baadal detection\\venv\\Lib\\site-packages\\starlette\\middleware\\exceptions.py\", line 63, in __call__\n    await wrap_app_handling_exceptions(self.app, conn)(scope, receive, send)\n  File \"D:\\baadal detection\\venv\\Lib\\site-packages\\starlette\\_exception_handler.py\", line 53, in wrapped_app\n    raise exc\n  File \"D:\\baadal detection\\venv\\Lib\\site-packages\\starlette\\_exception_handler.py\", line 42, in wrapped_app\n    await app(scope, receive, sender)\n  File \"D:\\baadal detection\\venv\\Lib\\site-packages\\fastapi\\middleware\\asyncexitstack.py\", line 18, in __call__\n    await self.app(scope, receive, send)\n  File \"D:\\baadal detection\\venv\\Lib\\site-packages\\starlette\\routing.py\", line 660, in __call__\n    await self.middleware_stack(scope, receive, send)\n  File \"D:\\baadal detection\\venv\\Lib\\site-packages\\starlette\\routing.py\", line 680, in app\n    await route.handle(scope, receive, send)\n  File \"D:\\baadal detection\\venv\\Lib\\site-packages\\starlette\\routing.py\", line 276, in handle\n    await self.app(scope, receive, send)\n  File \"D:\\baadal detection\\venv\\Lib\\site-packages\\fastapi\\routing.py\", line 134, in app\n    await wrap_app_handling_exceptions(app, request)(scope, receive, send)\n  File \"D:\\baadal detection\\venv\\Lib\\site-packages\\starlette\\_exception_handler.py\", line 53, in wrapped_app\n    raise exc\n  File \"D:\\baadal detection\\venv\\Lib\\site-packages\\starlette\\_exception_handler.py\", line 42, in wrapped_app\n    await app(scope, receive, sender)\n  File \"D:\\baadal detection\\venv\\Lib\\site-packages\\fastapi\\routing.py\", line 120, in app\n    response = await f(request)\n               ^^^^^^^^^^^^^^^^\n  File \"D:\\baadal detection\\venv\\Lib\\site-packages\\fastapi\\routing.py\", line 715, in app\n    response = actual_response_class(content, **response_args)\n  File \"D:\\baadal detection\\venv\\Lib\\site-packages\\starlette\\responses.py\", line 192, in __init__\n    super().__init__(content, status_code, headers, media_type, background)\n    ~~~~~~~~~~~~~~~~^^^^^^^^^^^^^^^^^^^^^^^^^^^^^^^^^^^^^^^^^^^^^^^^^^^^^^^\n  File \"D:\\baadal detection\\venv\\Lib\\site-packages\\starlette\\responses.py\", line 45, in __init__\n    self.body = self.render(content)\n                ~~~~~~~~~~~^^^^^^^^^\n  File \"D:\\baadal detection\\venv\\Lib\\site-packages\\starlette\\responses.py\", line 195, in render\n    return json.dumps(\n           ~~~~~~~~~~^\n        content,\n        ^^^^^^^^\n    ...<3 lines>...\n        separators=(\",\", \":\"),\n        ^^^^^^^^^^^^^^^^^^^^^^\n    ).encode(\"utf-8\")\n    ^\n  File \"C:\\Users\\lenovo\\AppData\\Local\\Programs\\Python\\Python313\\Lib\\json\\__init__.py\", line 238, in dumps\n    **kw).encode(obj)\n          ~~~~~~^^^^^\n  File \"C:\\Users\\lenovo\\AppData\\Local\\Programs\\Python\\Python313\\Lib\\json\\encoder.py\", line 200, in encode\n    chunks = self.iterencode(o, _one_shot=True)\n  File \"C:\\Users\\lenovo\\AppData\\Local\\Programs\\Python\\Python313\\Lib\\json\\encoder.py\", line 261, in iterencode\n    return _iterencode(o, 0)\nValueError: Out of range float values are not JSON compliant: nan"}
{"timestamp": "2026-06-14T11:50:42.004362+00:00", "level": "INFO", "logger": "core.database", "message": "Database initialized at D:\\baadal detection\\data\\aetherwatch_telemetry.db", "module": "database", "function": "init_db", "line": 102}
{"timestamp": "2026-06-14T11:50:45.682927+00:00", "level": "ERROR", "logger": "backend.main", "message": "Unhandled API exception", "module": "main", "function": "general_exception_handler", "line": 188, "exception": "Traceback (most recent call last):\n  File \"D:\\baadal detection\\venv\\Lib\\site-packages\\starlette\\middleware\\errors.py\", line 164, in __call__\n    await self.app(scope, receive, _send)\n  File \"D:\\baadal detection\\venv\\Lib\\site-packages\\starlette\\middleware\\base.py\", line 191, in __call__\n    with recv_stream, send_stream, collapse_excgroups():\n                                   ~~~~~~~~~~~~~~~~~~^^\n  File \"C:\\Users\\lenovo\\AppData\\Local\\Programs\\Python\\Python313\\Lib\\contextlib.py\", line 162, in __exit__\n    self.gen.throw(value)\n    ~~~~~~~~~~~~~~^^^^^^^\n  File \"D:\\baadal detection\\venv\\Lib\\site-packages\\starlette\\_utils.py\", line 87, in collapse_excgroups\n    raise exc\n  File \"D:\\baadal detection\\venv\\Lib\\site-packages\\starlette\\middleware\\base.py\", line 193, in __call__\n    response = await self.dispatch_func(request, call_next)\n               ^^^^^^^^^^^^^^^^^^^^^^^^^^^^^^^^^^^^^^^^^^^^\n  File \"D:\\baadal detection\\backend\\rate_limit.py\", line 40, in dispatch\n    now = time.monotonic()\n           ~~~~~~~~~~~~~^^\n  File \"D:\\baadal detection\\venv\\Lib\\site-packages\\starlette\\middleware\\base.py\", line 168, in call_next\n    raise app_exc from app_exc.__cause__ or app_exc.__context__\n  File \"D:\\baadal detection\\venv\\Lib\\site-packages\\starlette\\middleware\\base.py\", line 144, in coro\n    await self.app(scope, receive_or_disconnect, send_no_error)\n  File \"D:\\baadal detection\\venv\\Lib\\site-packages\\starlette\\middleware\\cors.py\", line 88, in __call__\n    await self.app(scope, receive, send)\n  File \"D:\\baadal detection\\venv\\Lib\\site-packages\\starlette\\middleware\\exceptions.py\", line 63, in __call__\n    await wrap_app_handling_exceptions(self.app, conn)(scope, receive, send)\n  File \"D:\\baadal detection\\venv\\Lib\\site-packages\\starlette\\_exception_handler.py\", line 53, in wrapped_app\n    raise exc\n  File \"D:\\baadal detection\\venv\\Lib\\site-packages\\starlette\\_exception_handler.py\", line 42, in wrapped_app\n    await app(scope, receive, sender)\n  File \"D:\\baadal detection\\venv\\Lib\\site-packages\\fastapi\\middleware\\asyncexitstack.py\", line 18, in __call__\n    await self.app(scope, receive, send)\n  File \"D:\\baadal detection\\venv\\Lib\\site-packages\\starlette\\routing.py\", line 660, in __call__\n    await self.middleware_stack(scope, receive, send)\n  File \"D:\\baadal detection\\venv\\Lib\\site-packages\\starlette\\routing.py\", line 680, in app\n    await route.handle(scope, receive, send)\n  File \"D:\\baadal detection\\venv\\Lib\\site-packages\\starlette\\routing.py\", line 276, in handle\n    await self.app(scope, receive, send)\n  File \"D:\\baadal detection\\venv\\Lib\\site-packages\\fastapi\\routing.py\", line 134, in app\n    await wrap_app_handling_exceptions(app, request)(scope, receive, send)\n  File \"D:\\baadal detection\\venv\\Lib\\site-packages\\starlette\\_exception_handler.py\", line 53, in wrapped_app\n    raise exc\n  File \"D:\\baadal detection\\venv\\Lib\\site-packages\\starlette\\_exception_handler.py\", line 42, in wrapped_app\n    await app(scope, receive, sender)\n  File \"D:\\baadal detection\\venv\\Lib\\site-packages\\fastapi\\routing.py\", line 120, in app\n    response = await f(request)\n               ^^^^^^^^^^^^^^^^\n  File \"D:\\baadal detection\\venv\\Lib\\site-packages\\fastapi\\routing.py\", line 715, in app\n    response = actual_response_class(content, **response_args)\n  File \"D:\\baadal detection\\venv\\Lib\\site-packages\\starlette\\responses.py\", line 192, in __init__\n    super().__init__(content, status_code, headers, media_type, background)\n    ~~~~~~~~~~~~~~~~^^^^^^^^^^^^^^^^^^^^^^^^^^^^^^^^^^^^^^^^^^^^^^^^^^^^^^^\n  File \"D:\\baadal detection\\venv\\Lib\\site-packages\\starlette\\responses.py\", line 45, in __init__\n    self.body = self.render(content)\n                ~~~~~~~~~~~^^^^^^^^^\n  File \"D:\\baadal detection\\venv\\Lib\\site-packages\\starlette\\responses.py\", line 195, in render\n    return json.dumps(\n           ~~~~~~~~~~^\n        content,\n        ^^^^^^^^\n    ...<3 lines>...\n        separators=(\",\", \":\"),\n        ^^^^^^^^^^^^^^^^^^^^^^\n    ).encode(\"utf-8\")\n    ^\n  File \"C:\\Users\\lenovo\\AppData\\Local\\Programs\\Python\\Python313\\Lib\\json\\__init__.py\", line 238, in dumps\n    **kw).encode(obj)\n          ~~~~~~^^^^^\n  File \"C:\\Users\\lenovo\\AppData\\Local\\Programs\\Python\\Python313\\Lib\\json\\encoder.py\", line 200, in encode\n    chunks = self.iterencode(o, _one_shot=True)\n  File \"C:\\Users\\lenovo\\AppData\\Local\\Programs\\Python\\Python313\\Lib\\json\\encoder.py\", line 261, in iterencode\n    return _iterencode(o, 0)\nValueError: Out of range float values are not JSON compliant: nan"}
{"timestamp": "2026-06-14T11:50:45.740363+00:00", "level": "INFO", "logger": "core.database", "message": "Database initialized at D:\\baadal detection\\data\\aetherwatch_telemetry.db", "module": "database", "function": "init_db", "line": 102}
{"timestamp": "2026-06-14T11:50:49.260768+00:00", "level": "ERROR", "logger": "backend.main", "message": "Unhandled API exception", "module": "main", "function": "general_exception_handler", "line": 188, "exception": "Traceback (most recent call last):\n  File \"D:\\baadal detection\\venv\\Lib\\site-packages\\starlette\\middleware\\errors.py\", line 164, in __call__\n    await self.app(scope, receive, _send)\n  File \"D:\\baadal detection\\venv\\Lib\\site-packages\\starlette\\middleware\\base.py\", line 191, in __call__\n    with recv_stream, send_stream, collapse_excgroups():\n                                   ~~~~~~~~~~~~~~~~~~^^\n  File \"C:\\Users\\lenovo\\AppData\\Local\\Programs\\Python\\Python313\\Lib\\contextlib.py\", line 162, in __exit__\n    self.gen.throw(value)\n    ~~~~~~~~~~~~~~^^^^^^^\n  File \"D:\\baadal detection\\venv\\Lib\\site-packages\\starlette\\_utils.py\", line 87, in collapse_excgroups\n    raise exc\n  File \"D:\\baadal detection\\venv\\Lib\\site-packages\\starlette\\middleware\\base.py\", line 193, in __call__\n    response = await self.dispatch_func(request, call_next)\n               ^^^^^^^^^^^^^^^^^^^^^^^^^^^^^^^^^^^^^^^^^^^^\n  File \"D:\\baadal detection\\backend\\rate_limit.py\", line 40, in dispatch\n    now = time.monotonic()\n           ~~~~~~~~~~~~~^^\n  File \"D:\\baadal detection\\venv\\Lib\\site-packages\\starlette\\middleware\\base.py\", line 168, in call_next\n    raise app_exc from app_exc.__cause__ or app_exc.__context__\n  File \"D:\\baadal detection\\venv\\Lib\\site-packages\\starlette\\middleware\\base.py\", line 144, in coro\n    await self.app(scope, receive_or_disconnect, send_no_error)\n  File \"D:\\baadal detection\\venv\\Lib\\site-packages\\starlette\\middleware\\cors.py\", line 88, in __call__\n    await self.app(scope, receive, send)\n  File \"D:\\baadal detection\\venv\\Lib\\site-packages\\starlette\\middleware\\exceptions.py\", line 63, in __call__\n    await wrap_app_handling_exceptions(self.app, conn)(scope, receive, send)\n  File \"D:\\baadal detection\\venv\\Lib\\site-packages\\starlette\\_exception_handler.py\", line 53, in wrapped_app\n    raise exc\n  File \"D:\\baadal detection\\venv\\Lib\\site-packages\\starlette\\_exception_handler.py\", line 42, in wrapped_app\n    await app(scope, receive, sender)\n  File \"D:\\baadal detection\\venv\\Lib\\site-packages\\fastapi\\middleware\\asyncexitstack.py\", line 18, in __call__\n    await self.app(scope, receive, send)\n  File \"D:\\baadal detection\\venv\\Lib\\site-packages\\starlette\\routing.py\", line 660, in __call__\n    await self.middleware_stack(scope, receive, send)\n  File \"D:\\baadal detection\\venv\\Lib\\site-packages\\starlette\\routing.py\", line 680, in app\n    await route.handle(scope, receive, send)\n  File \"D:\\baadal detection\\venv\\Lib\\site-packages\\starlette\\routing.py\", line 276, in handle\n    await self.app(scope, receive, send)\n  File \"D:\\baadal detection\\venv\\Lib\\site-packages\\fastapi\\routing.py\", line 134, in app\n    await wrap_app_handling_exceptions(app, request)(scope, receive, send)\n  File \"D:\\baadal detection\\venv\\Lib\\site-packages\\starlette\\_exception_handler.py\", line 53, in wrapped_app\n    raise exc\n  File \"D:\\baadal detection\\venv\\Lib\\site-packages\\starlette\\_exception_handler.py\", line 42, in wrapped_app\n    await app(scope, receive, sender)\n  File \"D:\\baadal detection\\venv\\Lib\\site-packages\\fastapi\\routing.py\", line 120, in app\n    response = await f(request)\n               ^^^^^^^^^^^^^^^^\n  File \"D:\\baadal detection\\venv\\Lib\\site-packages\\fastapi\\routing.py\", line 715, in app\n    response = actual_response_class(content, **response_args)\n  File \"D:\\baadal detection\\venv\\Lib\\site-packages\\starlette\\responses.py\", line 192, in __init__\n    super().__init__(content, status_code, headers, media_type, background)\n    ~~~~~~~~~~~~~~~~^^^^^^^^^^^^^^^^^^^^^^^^^^^^^^^^^^^^^^^^^^^^^^^^^^^^^^^\n  File \"D:\\baadal detection\\venv\\Lib\\site-packages\\starlette\\responses.py\", line 45, in __init__\n    self.body = self.render(content)\n                ~~~~~~~~~~~^^^^^^^^^\n  File \"D:\\baadal detection\\venv\\Lib\\site-packages\\starlette\\responses.py\", line 195, in render\n    return json.dumps(\n           ~~~~~~~~~~^\n        content,\n        ^^^^^^^^\n    ...<3 lines>...\n        separators=(\",\", \":\"),\n        ^^^^^^^^^^^^^^^^^^^^^^\n    ).encode(\"utf-8\")\n    ^\n  File \"C:\\Users\\lenovo\\AppData\\Local\\Programs\\Python\\Python313\\Lib\\json\\__init__.py\", line 238, in dumps\n    **kw).encode(obj)\n          ~~~~~~^^^^^\n  File \"C:\\Users\\lenovo\\AppData\\Local\\Programs\\Python\\Python313\\Lib\\json\\encoder.py\", line 200, in encode\n    chunks = self.iterencode(o, _one_shot=True)\n  File \"C:\\Users\\lenovo\\AppData\\Local\\Programs\\Python\\Python313\\Lib\\json\\encoder.py\", line 261, in iterencode\n    return _iterencode(o, 0)\nValueError: Out of range float values are not JSON compliant: nan"}
{"timestamp": "2026-06-14T11:50:49.296237+00:00", "level": "INFO", "logger": "core.database", "message": "Database initialized at D:\\baadal detection\\data\\aetherwatch_telemetry.db", "module": "database", "function": "init_db", "line": 102}
{"timestamp": "2026-06-14T11:50:53.247612+00:00", "level": "ERROR", "logger": "backend.main", "message": "Unhandled API exception", "module": "main", "function": "general_exception_handler", "line": 188, "exception": "Traceback (most recent call last):\n  File \"D:\\baadal detection\\venv\\Lib\\site-packages\\starlette\\middleware\\errors.py\", line 164, in __call__\n    await self.app(scope, receive, _send)\n  File \"D:\\baadal detection\\venv\\Lib\\site-packages\\starlette\\middleware\\base.py\", line 191, in __call__\n    with recv_stream, send_stream, collapse_excgroups():\n                                   ~~~~~~~~~~~~~~~~~~^^\n  File \"C:\\Users\\lenovo\\AppData\\Local\\Programs\\Python\\Python313\\Lib\\contextlib.py\", line 162, in __exit__\n    self.gen.throw(value)\n    ~~~~~~~~~~~~~~^^^^^^^\n  File \"D:\\baadal detection\\venv\\Lib\\site-packages\\starlette\\_utils.py\", line 87, in collapse_excgroups\n    raise exc\n  File \"D:\\baadal detection\\venv\\Lib\\site-packages\\starlette\\middleware\\base.py\", line 193, in __call__\n    response = await self.dispatch_func(request, call_next)\n               ^^^^^^^^^^^^^^^^^^^^^^^^^^^^^^^^^^^^^^^^^^^^\n  File \"D:\\baadal detection\\backend\\rate_limit.py\", line 40, in dispatch\n    now = time.monotonic()\n           ~~~~~~~~~~~~~^^\n  File \"D:\\baadal detection\\venv\\Lib\\site-packages\\starlette\\middleware\\base.py\", line 168, in call_next\n    raise app_exc from app_exc.__cause__ or app_exc.__context__\n  File \"D:\\baadal detection\\venv\\Lib\\site-packages\\starlette\\middleware\\base.py\", line 144, in coro\n    await self.app(scope, receive_or_disconnect, send_no_error)\n  File \"D:\\baadal detection\\venv\\Lib\\site-packages\\starlette\\middleware\\cors.py\", line 88, in __call__\n    await self.app(scope, receive, send)\n  File \"D:\\baadal detection\\venv\\Lib\\site-packages\\starlette\\middleware\\exceptions.py\", line 63, in __call__\n    await wrap_app_handling_exceptions(self.app, conn)(scope, receive, send)\n  File \"D:\\baadal detection\\venv\\Lib\\site-packages\\starlette\\_exception_handler.py\", line 53, in wrapped_app\n    raise exc\n  File \"D:\\baadal detection\\venv\\Lib\\site-packages\\starlette\\_exception_handler.py\", line 42, in wrapped_app\n    await app(scope, receive, sender)\n  File \"D:\\baadal detection\\venv\\Lib\\site-packages\\fastapi\\middleware\\asyncexitstack.py\", line 18, in __call__\n    await self.app(scope, receive, send)\n  File \"D:\\baadal detection\\venv\\Lib\\site-packages\\starlette\\routing.py\", line 660, in __call__\n    await self.middleware_stack(scope, receive, send)\n  File \"D:\\baadal detection\\venv\\Lib\\site-packages\\starlette\\routing.py\", line 680, in app\n    await route.handle(scope, receive, send)\n  File \"D:\\baadal detection\\venv\\Lib\\site-packages\\starlette\\routing.py\", line 276, in handle\n    await self.app(scope, receive, send)\n  File \"D:\\baadal detection\\venv\\Lib\\site-packages\\fastapi\\routing.py\", line 134, in app\n    await wrap_app_handling_exceptions(app, request)(scope, receive, send)\n  File \"D:\\baadal detection\\venv\\Lib\\site-packages\\starlette\\_exception_handler.py\", line 53, in wrapped_app\n    raise exc\n  File \"D:\\baadal detection\\venv\\Lib\\site-packages\\starlette\\_exception_handler.py\", line 42, in wrapped_app\n    await app(scope, receive, sender)\n  File \"D:\\baadal detection\\venv\\Lib\\site-packages\\fastapi\\routing.py\", line 120, in app\n    response = await f(request)\n               ^^^^^^^^^^^^^^^^\n  File \"D:\\baadal detection\\venv\\Lib\\site-packages\\fastapi\\routing.py\", line 715, in app\n    response = actual_response_class(content, **response_args)\n  File \"D:\\baadal detection\\venv\\Lib\\site-packages\\starlette\\responses.py\", line 192, in __init__\n    super().__init__(content, status_code, headers, media_type, background)\n    ~~~~~~~~~~~~~~~~^^^^^^^^^^^^^^^^^^^^^^^^^^^^^^^^^^^^^^^^^^^^^^^^^^^^^^^\n  File \"D:\\baadal detection\\venv\\Lib\\site-packages\\starlette\\responses.py\", line 45, in __init__\n    self.body = self.render(content)\n                ~~~~~~~~~~~^^^^^^^^^\n  File \"D:\\baadal detection\\venv\\Lib\\site-packages\\starlette\\responses.py\", line 195, in render\n    return json.dumps(\n           ~~~~~~~~~~^\n        content,\n        ^^^^^^^^\n    ...<3 lines>...\n        separators=(\",\", \":\"),\n        ^^^^^^^^^^^^^^^^^^^^^^\n    ).encode(\"utf-8\")\n    ^\n  File \"C:\\Users\\lenovo\\AppData\\Local\\Programs\\Python\\Python313\\Lib\\json\\__init__.py\", line 238, in dumps\n    **kw).encode(obj)\n          ~~~~~~^^^^^\n  File \"C:\\Users\\lenovo\\AppData\\Local\\Programs\\Python\\Python313\\Lib\\json\\encoder.py\", line 200, in encode\n    chunks = self.iterencode(o, _one_shot=True)\n  File \"C:\\Users\\lenovo\\AppData\\Local\\Programs\\Python\\Python313\\Lib\\json\\encoder.py\", line 261, in iterencode\n    return _iterencode(o, 0)\nValueError: Out of range float values are not JSON compliant: nan"}
